IMAGE\LABEL;building;road;pavement;vegetation;baresoil;water
wh0001;0;1;0;1;0;1
wh0002;0;0;0;1;0;1
wh0003;1;0;0;1;0;1
wh0004;0;0;0;1;0;1
wh0005;0;0;0;1;0;1
wh0006;0;0;0;1;0;1
wh0007;0;0;0;1;1;1
wh0008;0;0;0;1;1;1
wh0009;0;0;0;1;0;1
wh0010;0;0;0;1;0;1
wh0011;0;0;0;1;0;1
wh0012;0;0;0;1;0;1
wh0013;1;0;1;1;0;1
wh0014;0;0;0;1;0;1
wh0015;0;0;1;1;0;1
wh0016;0;0;1;1;0;1
wh0017;0;0;0;1;0;1
wh0018;1;1;1;1;0;1
wh0019;1;1;1;1;0;0
wh0020;1;0;1;1;1;1
wh0021;1;0;1;1;1;1
wh0022;1;0;1;1;1;1
wh0023;1;1;1;1;1;1
wh0024;1;1;1;1;1;1
wh0025;1;1;1;1;1;1
wh0026;0;0;1;1;1;1
wh0027;0;0;0;1;1;1
wh0028;0;0;0;1;0;1
wh0029;0;0;0;1;0;1
wh0030;0;0;0;1;1;1
wh0031;1;0;1;1;0;1
wh0032;1;1;1;1;1;1
wh0033;1;1;1;1;1;1
wh0034;1;1;1;1;1;0
wh0035;1;1;1;1;1;1
wh0036;1;1;1;1;1;1
wh0037;1;1;1;1;1;1
wh0038;1;1;1;1;1;1
wh0039;1;1;1;1;1;1
wh0040;1;0;1;1;1;1
wh0041;1;1;1;1;1;1
wh0042;1;1;1;1;1;1
wh0043;1;1;1;1;1;0
wh0044;1;0;1;1;0;1
wh0045;1;1;1;1;1;1
wh0046;1;1;1;1;1;1
wh0047;1;1;1;1;1;1
wh0048;1;1;1;1;1;1
wh0049;1;1;1;1;0;0
wh0050;1;1;1;1;1;1
wh0051;1;1;1;1;1;0
wh0052;1;1;1;1;0;1
wh0053;1;1;1;1;1;0
wh0054;1;1;1;1;0;0
wh0055;1;1;1;1;1;1
wh0056;1;1;1;1;0;1
wh0057;1;1;1;1;0;1
wh0058;1;0;1;1;0;1
wh0059;0;0;1;1;1;1
wh0060;0;0;0;0;0;1
wh0061;0;0;0;0;0;1
wh0062;0;0;0;1;1;1
wh0063;0;0;1;1;1;1
wh0064;1;0;1;1;0;1
wh0065;1;0;1;1;0;1
wh0066;1;1;0;1;0;1
wh0067;1;0;0;1;0;1
wh0068;0;0;0;1;0;1
wh0069;0;0;0;1;0;1
wh0070;0;0;0;1;0;1
wh0071;0;0;0;1;0;1
wh0072;1;0;0;1;0;1
wh0073;0;0;0;1;0;1
wh0074;0;0;0;1;0;1
wh0075;0;0;0;1;0;1
wh0076;0;0;0;1;0;1
wh0077;0;0;0;1;0;1
wh0078;1;0;1;1;0;1
wh0079;0;0;0;1;0;1
wh0080;1;0;1;1;0;1
wh0081;0;0;1;1;0;1
wh0082;1;0;1;1;0;1
wh0083;1;1;1;1;0;1
wh0084;1;0;1;1;0;0
wh0085;1;0;1;1;1;1
wh0086;1;0;1;1;1;1
wh0087;1;0;1;1;1;1
wh0088;1;1;1;1;1;1
wh0089;1;1;1;1;1;1
wh0090;1;0;1;1;1;1
wh0091;1;0;1;1;1;1
wh0092;0;0;0;1;0;1
wh0093;0;0;0;1;0;1
wh0094;0;0;0;1;0;1
wh0095;0;0;1;1;1;1
wh0096;1;0;1;1;0;1
wh0097;1;1;1;1;1;1
wh0098;1;1;1;1;1;0
wh0099;1;1;1;1;1;0
wh0100;1;1;1;1;1;0
wh0101;1;1;1;1;1;1
wh0102;1;1;1;1;1;1
wh0103;1;1;1;1;1;0
wh0104;1;1;1;1;1;0
wh0105;1;1;1;1;1;0
wh0106;1;1;1;1;1;0
wh0107;1;1;1;1;1;1
wh0108;1;0;1;1;1;1
wh0109;1;1;1;1;1;1
wh0110;1;1;1;1;1;1
wh0111;1;1;1;1;1;0
wh0112;1;1;1;1;1;0
wh0113;1;1;1;1;1;0
wh0114;1;1;1;1;1;1
wh0115;1;1;1;1;1;1
wh0116;1;1;1;1;0;0
wh0117;1;1;1;1;0;1
wh0118;1;1;1;1;1;0
wh0119;1;1;1;1;1;1
wh0120;1;1;1;1;1;1
wh0121;1;1;1;1;1;0
wh0122;1;1;1;1;0;1
wh0123;1;0;1;1;0;1
wh0124;0;0;0;0;0;1
wh0125;0;0;0;0;0;1
wh0126;0;0;0;0;0;1
wh0127;0;0;0;1;1;1
wh0128;0;0;0;1;1;1
wh0129;0;0;0;0;0;1
wh0130;0;0;0;0;0;1
wh0131;0;1;0;1;0;1
wh0132;0;0;0;1;0;1
wh0133;0;0;0;1;0;1
wh0134;0;0;0;1;0;1
wh0135;1;0;0;1;0;1
wh0136;0;0;0;1;0;1
wh0137;0;0;0;1;0;1
wh0138;0;0;0;1;0;1
wh0139;0;0;0;1;0;1
wh0140;0;0;0;1;0;1
wh0141;0;0;0;1;0;1
wh0142;0;0;0;1;0;1
wh0143;0;0;1;1;0;1
wh0144;0;1;1;1;0;1
wh0145;1;1;0;1;1;1
wh0146;1;1;0;1;1;1
wh0147;0;1;0;1;1;1
wh0148;1;1;1;1;0;0
wh0149;1;1;1;1;1;0
wh0150;1;1;1;1;1;1
wh0151;1;0;1;1;1;1
wh0152;1;0;1;1;1;1
wh0153;1;1;1;1;1;1
wh0154;1;1;1;1;1;1
wh0155;1;0;0;1;1;1
wh0156;1;0;1;1;0;1
wh0157;0;0;0;1;1;1
wh0158;1;0;1;1;1;1
wh0159;1;0;1;1;0;1
wh0160;1;0;1;1;1;1
wh0161;1;0;1;1;1;1
wh0162;1;1;1;1;0;1
wh0163;1;1;1;1;0;1
wh0164;1;1;1;1;1;1
wh0165;1;1;1;1;0;1
wh0166;1;1;1;1;1;1
wh0167;1;1;1;1;1;1
wh0168;1;1;1;1;1;0
wh0169;1;1;1;1;1;0
wh0170;1;1;1;1;0;0
wh0171;1;0;1;1;0;1
wh0172;1;1;1;1;1;1
wh0173;1;1;1;1;1;1
wh0174;1;1;1;1;1;1
wh0175;1;1;1;1;1;1
wh0176;1;1;1;1;1;1
wh0177;1;1;1;1;1;1
wh0178;1;1;1;1;1;1
wh0179;1;1;1;1;1;1
wh0180;1;1;1;1;1;0
wh0181;1;1;1;1;0;0
wh0182;1;1;1;1;1;0
wh0183;1;1;1;1;1;0
wh0184;1;1;1;1;1;0
wh0185;1;1;1;1;1;0
wh0186;1;1;1;1;1;0
wh0187;1;1;1;1;0;1
wh0188;0;0;0;0;0;1
wh0189;0;0;0;0;0;1
wh0190;0;0;0;0;0;1
wh0191;0;0;0;0;0;1
wh0192;0;0;0;0;0;1
wh0193;0;0;0;0;0;1
wh0194;0;0;0;0;0;1
wh0195;0;0;0;0;0;1
wh0196;0;1;0;1;0;1
wh0197;1;1;0;1;0;1
wh0198;0;0;0;1;0;1
wh0199;0;0;0;1;0;1
wh0200;0;0;0;1;0;1
wh0201;0;0;0;1;0;1
wh0202;0;0;0;1;0;1
wh0203;0;0;0;1;0;1
wh0204;0;0;0;1;0;1
wh0205;0;0;0;1;0;1
wh0206;0;0;0;1;0;1
wh0207;0;0;0;1;0;1
wh0208;0;0;0;1;0;1
wh0209;0;1;1;1;1;1
wh0210;1;1;1;1;1;1
wh0211;1;0;1;1;1;1
wh0212;1;1;1;1;1;1
wh0213;1;1;1;1;1;1
wh0214;1;1;1;1;1;1
wh0215;1;0;1;1;1;1
wh0216;1;1;1;1;1;1
wh0217;1;1;1;1;1;0
wh0218;1;1;1;1;1;1
wh0219;1;1;1;1;1;1
wh0220;0;0;0;1;1;1
wh0221;1;0;0;1;1;1
wh0222;0;0;0;1;0;1
wh0223;1;0;1;1;1;1
wh0224;1;0;1;1;0;0
wh0225;1;1;1;1;1;1
wh0226;1;1;1;1;1;1
wh0227;1;1;1;1;1;1
wh0228;1;1;1;1;0;1
wh0229;1;1;1;1;0;1
wh0230;1;1;1;1;0;1
wh0231;1;1;1;1;1;1
wh0232;1;1;1;1;0;0
wh0233;1;0;1;1;1;0
wh0234;1;1;1;1;1;0
wh0235;1;1;1;1;1;1
wh0236;1;1;1;1;1;1
wh0237;1;1;1;1;1;1
wh0238;1;1;1;1;1;1
wh0239;1;1;1;1;1;1
wh0240;1;1;1;1;1;0
wh0241;1;1;1;1;1;1
wh0242;1;1;1;1;1;1
wh0243;1;1;1;1;1;1
wh0244;1;1;1;1;1;0
wh0245;1;1;1;1;1;0
wh0246;1;1;1;1;1;0
wh0247;1;1;1;1;0;0
wh0248;1;1;1;1;1;0
wh0249;1;1;1;1;1;0
wh0250;1;1;1;1;1;0
wh0251;1;1;1;1;1;1
wh0252;1;0;1;1;1;1
wh0253;0;0;0;0;0;1
wh0254;0;0;0;0;0;1
wh0255;0;0;0;0;0;1
wh0256;0;0;0;0;0;1
wh0257;0;0;0;0;0;1
wh0258;0;0;0;0;0;1
wh0259;0;0;0;0;0;1
wh0260;0;0;0;0;0;1
wh0261;1;1;0;1;0;1
wh0262;1;1;0;1;0;1
wh0263;1;1;0;1;0;1
wh0264;0;0;0;1;0;1
wh0265;0;0;0;1;0;1
wh0266;1;0;0;1;0;1
wh0267;0;0;0;1;0;1
wh0268;1;0;0;1;0;1
wh0269;0;0;0;1;0;1
wh0270;0;0;0;1;0;1
wh0271;0;0;0;1;0;1
wh0272;0;0;0;1;0;0
wh0273;0;0;0;1;0;1
wh0274;0;0;1;1;0;1
wh0275;1;1;1;1;1;1
wh0276;1;1;1;1;1;1
wh0277;1;1;1;1;1;1
wh0278;1;1;1;1;1;1
wh0279;1;0;1;1;1;1
wh0280;1;0;1;1;1;1
wh0281;1;1;1;1;1;1
wh0282;1;1;1;1;1;0
wh0283;1;1;1;1;1;1
wh0284;1;1;1;1;1;1
wh0285;1;1;1;1;1;1
wh0286;0;0;1;1;0;1
wh0287;1;0;1;1;1;1
wh0288;1;1;1;1;1;1
wh0289;1;1;1;1;1;1
wh0290;1;1;1;1;1;1
wh0291;1;0;1;1;1;1
wh0292;1;0;1;1;1;1
wh0293;1;0;1;1;1;1
wh0294;1;0;1;1;1;1
wh0295;1;1;1;1;0;1
wh0296;1;0;1;1;0;1
wh0297;1;0;1;1;1;1
wh0298;1;0;1;1;1;1
wh0299;1;1;1;1;1;1
wh0300;1;1;1;1;1;0
wh0301;1;1;1;1;1;0
wh0302;1;1;1;1;1;0
wh0303;1;1;1;1;1;0
wh0304;1;1;1;1;1;0
wh0305;1;1;1;1;1;0
wh0306;1;1;1;1;1;1
wh0307;1;1;1;1;1;1
wh0308;1;1;1;1;1;1
wh0309;1;1;1;1;1;1
wh0310;1;1;1;1;0;0
wh0311;1;0;1;1;1;0
wh0312;1;1;1;1;1;0
wh0313;1;1;1;1;1;0
wh0314;1;1;1;1;1;0
wh0315;1;1;1;1;0;0
wh0316;1;1;1;1;0;1
wh0317;0;0;0;0;0;1
wh0318;0;0;0;0;0;1
wh0319;0;0;0;0;0;1
wh0320;0;0;0;0;0;1
wh0321;0;0;0;0;0;1
wh0322;0;0;0;0;0;1
wh0323;0;0;0;0;1;1
wh0324;1;1;1;1;1;1
wh0325;1;1;1;1;1;1
wh0326;1;1;1;1;1;1
wh0327;1;1;1;1;1;1
wh0328;1;1;1;1;1;1
wh0329;1;1;1;1;1;1
wh0330;0;1;1;1;1;1
wh0331;1;1;1;1;1;1
wh0332;1;1;0;1;1;1
wh0333;0;0;0;1;1;0
wh0334;0;0;0;1;1;1
wh0335;1;0;1;1;1;1
wh0336;1;0;1;1;0;1
wh0337;0;0;1;1;0;1
wh0338;0;0;1;1;1;1
wh0339;1;1;1;1;1;1
wh0340;1;1;1;1;1;1
wh0341;0;1;1;1;1;1
wh0342;0;1;1;1;1;1
wh0343;1;1;1;1;1;1
wh0344;1;1;1;1;1;0
wh0345;1;1;1;1;0;1
wh0346;1;1;1;1;1;1
wh0347;1;1;1;1;1;0
wh0348;1;1;1;1;0;0
wh0349;1;0;1;1;1;1
wh0350;1;1;1;1;1;1
wh0351;1;1;1;1;1;1
wh0352;1;1;1;1;1;1
wh0353;0;1;1;1;0;1
wh0354;1;1;1;1;1;1
wh0355;1;1;1;1;1;0
wh0356;1;1;1;1;1;1
wh0357;1;1;1;1;1;1
wh0358;1;1;1;1;1;1
wh0359;1;1;1;1;1;1
wh0360;1;1;1;1;1;1
wh0361;1;0;1;1;1;1
wh0362;1;0;1;1;1;1
wh0363;1;0;1;1;1;0
wh0364;1;1;1;1;1;1
wh0365;1;1;1;1;1;0
wh0366;1;0;1;1;1;0
wh0367;1;1;1;1;1;0
wh0368;1;1;1;1;1;0
wh0369;1;1;1;1;1;0
wh0370;1;1;1;1;1;0
wh0371;1;1;1;1;1;1
wh0372;1;1;1;1;1;0
wh0373;1;1;1;1;0;0
wh0374;1;1;1;1;1;0
wh0375;1;1;1;1;1;1
wh0376;1;1;1;1;1;0
wh0377;1;1;1;1;1;0
wh0378;1;1;1;1;1;1
wh0379;1;1;1;1;1;1
wh0380;1;1;1;1;1;1
wh0381;1;0;1;1;1;1
wh0382;0;0;0;0;0;1
wh0383;0;0;0;0;0;1
wh0384;0;0;0;0;0;1
wh0385;0;0;0;0;0;1
wh0386;0;0;0;0;0;1
wh0387;0;0;1;1;1;1
wh0388;1;1;1;1;1;1
wh0389;1;1;1;1;1;1
wh0390;1;1;1;1;1;1
wh0391;1;1;1;1;1;1
wh0392;1;1;1;1;1;1
wh0393;1;1;1;1;0;1
wh0394;1;1;1;1;0;0
wh0395;1;1;1;1;1;1
wh0396;1;1;1;1;1;1
wh0397;0;1;1;1;1;1
wh0398;1;1;1;1;1;1
wh0399;1;1;1;1;1;1
wh0400;1;1;1;1;1;1
wh0401;1;1;1;1;1;1
wh0402;1;1;1;1;1;1
wh0403;1;1;1;1;1;1
wh0404;1;1;1;1;1;1
wh0405;1;1;1;1;1;1
wh0406;1;1;1;1;1;1
wh0407;1;1;1;1;1;1
wh0408;1;1;1;1;0;0
wh0409;1;1;1;1;1;0
wh0410;1;1;1;1;1;0
wh0411;1;1;1;1;1;0
wh0412;1;1;1;1;1;1
wh0413;1;1;1;1;1;0
wh0414;1;1;1;1;1;0
wh0415;1;1;1;1;1;0
wh0416;1;1;1;1;1;1
wh0417;1;0;1;1;1;1
wh0418;1;0;1;1;1;1
wh0419;1;0;1;1;1;1
wh0420;1;1;1;1;1;0
wh0421;1;1;1;1;1;1
wh0422;1;0;1;1;1;1
wh0423;1;1;1;1;0;1
wh0424;1;1;1;1;1;1
wh0425;1;1;1;1;1;1
wh0426;1;1;1;1;1;0
wh0427;1;1;1;1;1;1
wh0428;1;1;1;1;0;0
wh0429;1;1;1;1;1;0
wh0430;1;1;1;1;1;0
wh0431;1;1;1;1;1;0
wh0432;1;1;1;1;1;0
wh0433;1;1;1;1;1;0
wh0434;1;1;1;1;1;0
wh0435;1;1;1;1;1;1
wh0436;1;1;1;1;1;1
wh0437;1;1;1;1;1;0
wh0438;1;1;1;1;1;0
wh0439;1;1;1;1;0;0
wh0440;1;1;1;1;1;0
wh0441;1;1;1;1;1;0
wh0442;1;1;1;1;1;0
wh0443;1;1;1;1;1;1
wh0444;1;1;1;1;1;1
wh0445;1;1;1;1;0;1
wh0446;0;1;0;0;0;1
wh0447;0;0;0;0;0;1
wh0448;0;0;0;0;0;1
wh0449;0;0;0;0;0;1
wh0450;0;0;0;0;0;1
wh0451;0;1;1;1;1;1
wh0452;1;1;1;1;1;1
wh0453;1;1;1;1;1;1
wh0454;1;1;1;1;1;1
wh0455;1;1;1;1;1;0
wh0456;1;1;1;1;1;1
wh0457;1;1;1;1;1;0
wh0458;1;1;1;1;1;0
wh0459;1;1;1;1;0;1
wh0460;1;1;1;1;1;1
wh0461;1;1;1;1;1;1
wh0462;1;1;1;1;0;1
wh0463;1;1;1;1;0;0
wh0464;1;1;1;1;1;1
wh0465;1;1;1;1;1;0
wh0466;1;1;1;1;1;1
wh0467;1;0;1;1;1;0
wh0468;1;0;1;1;1;0
wh0469;1;1;1;1;1;1
wh0470;1;1;1;1;1;1
wh0471;1;1;1;1;0;1
wh0472;1;1;1;1;1;1
wh0473;1;1;1;1;1;0
wh0474;1;1;1;1;1;0
wh0475;1;1;1;1;0;0
wh0476;1;1;1;1;1;0
wh0477;1;1;1;1;1;1
wh0478;1;1;1;1;0;1
wh0479;1;1;1;1;1;1
wh0480;1;1;1;1;1;0
wh0481;1;1;1;1;1;0
wh0482;1;0;1;1;1;0
wh0483;1;0;1;1;1;1
wh0484;1;0;1;1;1;1
wh0485;1;1;1;1;1;0
wh0486;1;1;1;1;1;1
wh0487;1;1;1;1;1;1
wh0488;1;1;1;1;0;1
wh0489;1;1;1;1;1;0
wh0490;1;1;1;1;1;1
wh0491;1;1;1;1;1;1
wh0492;1;1;1;1;1;0
wh0493;1;1;1;1;1;0
wh0494;1;1;1;1;0;0
wh0495;1;1;1;1;1;0
wh0496;1;1;1;1;1;0
wh0497;1;1;1;1;1;0
wh0498;1;1;1;1;1;0
wh0499;1;1;1;1;1;0
wh0500;1;1;1;1;0;1
wh0501;1;1;1;1;1;1
wh0502;1;1;1;1;1;0
wh0503;1;1;1;1;1;0
wh0504;1;1;1;1;1;0
wh0505;1;1;1;1;1;0
wh0506;1;1;1;1;1;1
wh0507;1;1;1;1;1;0
wh0508;1;1;1;1;1;1
wh0509;1;1;1;1;1;1
wh0510;0;0;0;0;0;1
wh0511;0;1;0;0;0;1
wh0512;0;1;0;0;0;1
wh0513;0;0;0;0;0;1
wh0514;0;0;0;0;0;1
wh0515;1;1;1;1;1;1
wh0516;1;1;1;1;1;1
wh0517;1;1;1;1;1;1
wh0518;1;1;1;1;1;1
wh0519;1;1;1;1;1;1
wh0520;1;1;1;1;1;0
wh0521;1;1;1;1;1;1
wh0522;1;1;1;1;1;1
wh0523;1;1;1;1;1;0
wh0524;1;1;1;1;1;1
wh0525;1;1;1;1;1;0
wh0526;1;1;1;1;1;1
wh0527;1;1;1;1;0;1
wh0528;1;1;1;1;0;0
wh0529;1;1;1;1;1;1
wh0530;1;1;1;1;0;0
wh0531;1;1;1;1;0;1
wh0532;1;1;1;1;1;1
wh0533;1;1;1;1;1;0
wh0534;1;1;1;1;1;1
wh0535;1;1;1;1;1;1
wh0536;1;1;1;1;1;0
wh0537;1;1;1;1;1;0
wh0538;1;1;1;1;1;0
wh0539;1;1;1;1;0;0
wh0540;1;1;1;1;0;0
wh0541;1;1;1;1;0;1
wh0542;0;0;1;1;0;1
wh0543;0;1;1;1;1;1
wh0544;1;1;1;1;1;1
wh0545;1;1;1;1;1;1
wh0546;1;1;1;1;1;1
wh0547;1;1;1;1;1;1
wh0548;1;1;1;1;1;1
wh0549;1;1;1;1;1;1
wh0550;1;1;1;1;1;1
wh0551;1;1;1;1;1;0
wh0552;1;1;1;1;1;0
wh0553;1;1;1;1;1;1
wh0554;1;1;1;1;1;1
wh0555;1;1;1;1;1;0
wh0556;1;1;1;1;0;0
wh0557;1;1;1;1;1;0
wh0558;1;1;1;1;0;0
wh0559;1;1;1;1;0;0
wh0560;1;1;1;1;1;0
wh0561;1;1;1;1;0;0
wh0562;1;1;1;1;1;0
wh0563;1;1;1;1;1;0
wh0564;1;1;1;1;1;0
wh0565;1;1;1;1;1;0
wh0566;1;1;1;1;1;0
wh0567;1;1;1;1;1;0
wh0568;1;1;1;1;0;0
wh0569;1;1;1;1;0;0
wh0570;1;1;1;1;1;0
wh0571;1;1;1;1;1;1
wh0572;1;1;1;1;1;0
wh0573;1;0;1;1;1;1
wh0574;1;0;1;1;0;1
wh0575;0;0;0;0;0;1
wh0576;0;0;0;0;0;1
wh0577;0;1;0;0;0;1
wh0578;0;1;0;0;1;1
wh0579;1;1;1;1;1;1
wh0580;1;1;1;1;1;1
wh0581;1;1;1;1;1;0
wh0582;1;1;1;1;1;0
wh0583;1;1;1;1;1;0
wh0584;1;1;1;1;1;0
wh0585;1;1;1;1;1;0
wh0586;1;1;1;1;1;1
wh0587;1;1;1;1;1;1
wh0588;1;1;1;1;1;0
wh0589;1;1;1;1;1;0
wh0590;1;1;1;1;1;0
wh0591;1;1;1;1;1;1
wh0592;1;1;1;1;0;0
wh0593;1;1;1;1;0;1
wh0594;1;1;1;1;1;1
wh0595;1;1;1;1;1;0
wh0596;1;1;1;1;0;1
wh0597;1;1;1;1;0;0
wh0598;1;1;1;1;0;0
wh0599;1;1;1;1;1;1
wh0600;1;1;1;1;1;1
wh0601;1;1;1;1;0;0
wh0602;1;1;1;1;1;0
wh0603;1;1;1;1;0;0
wh0604;1;1;1;1;1;0
wh0605;1;1;1;1;1;0
wh0606;1;1;1;1;0;0
wh0607;1;1;1;1;0;1
wh0608;1;1;1;1;1;1
wh0609;1;1;1;1;1;0
wh0610;1;1;1;1;1;1
wh0611;1;1;1;1;1;1
wh0612;0;1;1;1;1;1
wh0613;1;1;1;1;1;1
wh0614;1;1;1;1;1;1
wh0615;1;1;1;1;1;0
wh0616;1;1;1;1;1;0
wh0617;1;1;1;1;1;0
wh0618;1;1;1;1;1;1
wh0619;1;1;1;1;1;1
wh0620;1;1;1;1;0;0
wh0621;1;1;1;1;1;1
wh0622;1;1;1;1;1;1
wh0623;1;1;1;1;1;0
wh0624;1;1;1;1;1;1
wh0625;1;1;1;1;1;0
wh0626;1;1;1;1;0;0
wh0627;1;1;1;1;1;0
wh0628;1;1;1;1;1;0
wh0629;1;1;1;1;1;0
wh0630;1;1;1;1;1;0
wh0631;1;1;1;1;1;0
wh0632;1;1;1;1;0;0
wh0633;1;1;1;1;1;0
wh0634;1;1;1;1;0;0
wh0635;1;1;1;1;0;0
wh0636;1;1;1;1;1;0
wh0637;1;0;1;1;1;0
wh0638;1;0;1;1;1;1
wh0639;0;0;0;0;0;1
wh0640;0;0;0;0;0;1
wh0641;0;0;0;0;0;1
wh0642;0;0;0;1;1;1
wh0643;1;1;1;1;1;1
wh0644;1;1;1;1;1;1
wh0645;1;1;1;1;1;0
wh0646;1;1;1;1;1;0
wh0647;1;1;1;1;1;0
wh0648;1;1;1;1;1;0
wh0649;1;1;1;1;0;0
wh0650;1;1;1;1;1;1
wh0651;1;1;1;1;1;1
wh0652;1;1;1;1;1;0
wh0653;1;1;1;1;1;0
wh0654;1;1;1;1;1;1
wh0655;1;1;1;1;1;1
wh0656;1;1;1;1;0;1
wh0657;1;1;1;1;0;0
wh0658;1;1;1;1;0;0
wh0659;1;1;1;1;1;1
wh0660;1;1;1;1;1;0
wh0661;1;1;1;1;1;1
wh0662;1;1;1;1;1;1
wh0663;1;1;1;1;1;0
wh0664;1;1;1;1;1;1
wh0665;1;1;1;1;0;1
wh0666;1;1;1;1;0;0
wh0667;1;1;1;1;1;0
wh0668;1;1;1;1;1;1
wh0669;1;1;1;1;1;0
wh0670;1;1;1;1;0;0
wh0671;1;1;1;1;0;0
wh0672;1;1;1;1;0;0
wh0673;1;1;1;1;1;0
wh0674;1;1;1;1;1;0
wh0675;1;1;1;1;1;0
wh0676;1;1;1;1;1;0
wh0677;1;1;1;1;1;0
wh0678;1;1;1;1;1;0
wh0679;1;1;1;1;1;0
wh0680;1;1;1;1;1;0
wh0681;1;1;1;1;1;0
wh0682;1;1;1;1;1;0
wh0683;1;1;1;1;1;0
wh0684;1;1;1;1;1;0
wh0685;1;1;1;1;1;0
wh0686;1;1;1;1;0;1
wh0687;1;1;1;1;1;0
wh0688;1;1;1;1;1;0
wh0689;1;1;1;1;1;0
wh0690;1;1;1;1;0;0
wh0691;1;1;1;1;0;0
wh0692;1;1;1;1;0;0
wh0693;1;1;1;1;1;0
wh0694;1;1;1;1;0;0
wh0695;1;0;1;1;0;0
wh0696;1;1;1;1;0;0
wh0697;1;1;1;1;1;0
wh0698;1;1;1;1;1;0
wh0699;1;1;1;1;1;0
wh0700;1;1;1;1;1;0
wh0701;1;1;1;1;1;0
wh0702;1;1;1;1;1;1
wh0703;0;0;1;1;1;1
wh0704;0;0;0;0;0;1
wh0705;0;0;0;0;0;1
wh0706;0;0;0;0;1;1
wh0707;1;1;1;1;1;1
wh0708;1;1;1;1;1;1
wh0709;1;1;1;1;1;1
wh0710;1;1;1;1;1;1
wh0711;1;1;1;1;0;0
wh0712;1;1;1;1;0;0
wh0713;1;1;1;1;1;0
wh0714;1;1;1;1;1;0
wh0715;1;1;1;1;1;0
wh0716;0;1;1;1;0;1
wh0717;0;1;1;1;0;0
wh0718;0;1;0;1;1;0
wh0719;1;1;1;1;1;1
wh0720;1;1;1;1;1;0
wh0721;0;1;1;1;1;1
wh0722;0;1;1;1;0;1
wh0723;0;1;1;1;0;0
wh0724;1;1;1;1;1;1
wh0725;1;1;1;1;1;1
wh0726;1;1;1;1;1;1
wh0727;1;1;1;1;1;1
wh0728;1;1;1;1;1;1
wh0729;1;1;1;1;1;0
wh0730;1;1;1;1;0;0
wh0731;1;1;1;1;0;0
wh0732;1;1;1;1;0;0
wh0733;1;1;1;1;1;1
wh0734;1;1;1;1;0;0
wh0735;1;1;1;1;0;0
wh0736;1;1;1;1;0;0
wh0737;1;1;1;1;0;0
wh0738;1;1;1;1;1;0
wh0739;1;1;1;1;1;0
wh0740;1;1;1;1;1;0
wh0741;1;1;1;1;0;0
wh0742;1;1;1;1;0;0
wh0743;1;1;1;1;1;0
wh0744;1;1;1;1;1;0
wh0745;1;1;1;1;1;0
wh0746;1;1;1;1;1;0
wh0747;1;1;1;1;1;0
wh0748;1;1;1;1;1;0
wh0749;1;1;1;1;1;1
wh0750;1;1;1;1;1;0
wh0751;1;1;1;1;1;0
wh0752;1;1;1;1;1;0
wh0753;1;1;1;1;1;0
wh0754;1;1;1;1;1;0
wh0755;1;1;1;1;1;1
wh0756;1;1;1;1;1;0
wh0757;1;1;1;1;1;0
wh0758;1;1;1;1;1;1
wh0759;1;1;1;1;1;1
wh0760;1;1;1;1;1;0
wh0761;1;1;1;1;1;0
wh0762;1;1;1;1;1;1
wh0763;1;0;1;1;1;1
wh0764;1;1;1;1;1;1
wh0765;1;1;1;1;1;0
wh0766;1;1;1;1;1;0
wh0767;1;1;1;1;1;1
wh0768;0;0;0;1;1;1
wh0769;0;0;0;0;0;1
wh0770;0;0;0;0;0;1
wh0771;1;1;1;1;1;1
wh0772;1;1;1;1;1;1
wh0773;1;1;1;1;0;0
wh0774;1;1;1;1;1;1
wh0775;1;1;1;1;1;1
wh0776;1;1;1;1;0;0
wh0777;1;1;1;1;0;0
wh0778;1;1;1;1;0;0
wh0779;1;1;1;1;1;0
wh0780;1;1;1;1;1;0
wh0781;0;1;0;1;0;1
wh0782;0;1;0;1;0;0
wh0783;1;1;1;1;1;1
wh0784;1;1;1;1;1;1
wh0785;1;0;1;1;1;1
wh0786;1;0;1;1;1;1
wh0787;1;1;1;1;1;1
wh0788;0;1;1;1;1;1
wh0789;1;1;1;1;1;1
wh0790;1;1;1;1;1;1
wh0791;1;1;1;1;1;0
wh0792;1;1;1;1;1;1
wh0793;1;1;1;1;1;0
wh0794;1;1;1;1;0;0
wh0795;1;1;1;1;1;0
wh0796;1;1;1;1;0;0
wh0797;1;1;1;1;0;0
wh0798;1;1;1;1;0;1
wh0799;1;1;1;1;0;0
wh0800;1;1;1;1;1;0
wh0801;1;1;1;1;1;0
wh0802;1;1;1;1;1;1
wh0803;1;1;1;1;1;1
wh0804;1;1;1;1;1;1
wh0805;1;1;1;1;1;1
wh0806;1;1;1;1;1;1
wh0807;1;1;1;1;1;0
wh0808;1;1;1;1;0;0
wh0809;1;0;1;1;1;0
wh0810;1;1;1;1;1;0
wh0811;1;1;1;1;1;0
wh0812;1;1;1;1;1;0
wh0813;1;1;1;1;1;0
wh0814;1;1;1;1;1;1
wh0815;1;1;1;1;1;0
wh0816;1;1;1;1;1;0
wh0817;1;1;1;1;0;0
wh0818;1;1;1;1;1;0
wh0819;1;1;1;1;1;0
wh0820;1;1;1;1;1;0
wh0821;1;1;1;1;1;0
wh0822;1;1;1;1;1;0
wh0823;1;1;1;1;1;1
wh0824;1;1;1;1;1;0
wh0825;1;1;1;1;1;0
wh0826;1;1;1;1;1;0
wh0827;1;1;1;1;1;1
wh0828;1;0;1;1;1;1
wh0829;1;1;1;1;1;1
wh0830;1;1;1;1;1;0
wh0831;1;1;1;1;0;1
wh0832;1;1;1;1;1;1
wh0833;0;1;0;0;0;1
wh0834;0;0;0;0;0;1
wh0835;1;1;1;1;1;1
wh0836;1;1;1;1;1;1
wh0837;1;1;1;1;0;0
wh0838;1;1;1;1;0;0
wh0839;1;1;1;1;0;0
wh0840;1;1;1;1;1;1
wh0841;1;1;1;1;1;1
wh0842;1;1;1;1;1;0
wh0843;1;1;1;1;0;0
wh0844;1;1;1;1;0;0
wh0845;1;1;1;1;1;0
wh0846;1;0;1;1;0;0
wh0847;0;1;1;1;0;0
wh0848;1;0;1;1;1;1
wh0849;1;1;1;1;1;1
wh0850;1;1;1;1;1;1
wh0851;1;1;1;1;1;1
wh0852;1;1;1;1;1;1
wh0853;1;1;1;1;1;1
wh0854;1;1;1;1;1;0
wh0855;1;1;1;1;1;1
wh0856;1;1;1;1;1;1
wh0857;1;1;1;1;1;0
wh0858;1;1;1;1;1;0
wh0859;1;1;1;1;1;0
wh0860;1;1;1;1;1;0
wh0861;1;1;1;1;0;0
wh0862;1;1;1;1;0;0
wh0863;1;1;1;1;0;0
wh0864;1;1;1;1;1;0
wh0865;1;1;1;1;1;0
wh0866;1;1;1;1;1;0
wh0867;1;1;1;1;1;1
wh0868;0;1;1;1;1;1
wh0869;1;1;1;1;1;1
wh0870;1;0;1;1;0;1
wh0871;1;1;1;1;1;1
wh0872;1;1;1;1;1;0
wh0873;1;1;1;1;1;0
wh0874;1;1;1;1;1;0
wh0875;1;1;1;1;1;0
wh0876;1;1;1;1;1;0
wh0877;1;1;1;1;0;0
wh0878;1;1;1;1;1;0
wh0879;1;1;1;1;1;0
wh0880;1;1;1;1;1;0
wh0881;1;1;1;1;1;0
wh0882;1;1;1;1;1;0
wh0883;1;1;1;1;1;0
wh0884;1;1;1;1;1;0
wh0885;1;1;1;1;1;0
wh0886;1;1;1;1;1;0
wh0887;1;0;1;1;1;1
wh0888;1;1;1;1;1;0
wh0889;1;1;1;1;1;0
wh0890;1;1;1;1;1;1
wh0891;1;1;1;1;1;1
wh0892;1;1;1;1;1;0
wh0893;1;1;1;1;1;0
wh0894;1;1;1;1;1;0
wh0895;1;1;1;1;0;0
wh0896;1;1;1;1;0;1
wh0897;0;0;0;0;0;1
wh0898;0;1;0;0;0;1
wh0899;0;1;1;1;0;1
wh0900;1;1;1;1;1;1
wh0901;1;1;1;1;1;0
wh0902;1;1;1;1;1;0
wh0903;1;1;1;1;1;0
wh0904;1;1;1;1;1;0
wh0905;1;0;1;1;1;0
wh0906;1;1;1;1;1;1
wh0907;1;1;1;1;0;0
wh0908;1;1;1;1;0;0
wh0909;1;1;1;1;1;0
wh0910;1;1;1;1;1;0
wh0911;0;0;1;1;0;1
wh0912;0;1;1;1;0;1
wh0913;0;0;1;1;0;1
wh0914;1;1;1;1;0;0
wh0915;1;1;1;1;0;1
wh0916;1;1;1;1;0;1
wh0917;1;1;1;1;1;1
wh0918;1;1;1;1;1;1
wh0919;1;1;1;1;1;1
wh0920;1;1;1;1;1;1
wh0921;1;1;1;1;1;1
wh0922;1;1;1;1;1;1
wh0923;1;1;1;1;1;1
wh0924;1;1;1;1;1;0
wh0925;1;1;1;1;1;1
wh0926;1;1;1;1;0;0
wh0927;1;1;1;1;0;0
wh0928;1;1;1;1;1;0
wh0929;1;1;1;1;1;0
wh0930;1;1;1;1;1;1
wh0931;1;1;1;1;1;1
wh0932;1;1;1;1;1;1
wh0933;1;0;1;1;1;1
wh0934;1;1;1;1;1;0
wh0935;1;0;1;1;0;1
wh0936;1;1;1;1;1;1
wh0937;1;1;1;1;1;0
wh0938;1;1;1;1;1;0
wh0939;1;1;1;1;1;0
wh0940;1;1;1;1;1;0
wh0941;1;0;1;1;1;0
wh0942;1;1;1;1;0;0
wh0943;1;1;1;1;1;0
wh0944;1;1;1;1;0;0
wh0945;1;1;1;1;1;0
wh0946;1;0;1;1;1;0
wh0947;1;1;1;1;1;0
wh0948;1;1;1;1;1;0
wh0949;1;1;1;1;1;0
wh0950;1;1;1;1;1;0
wh0951;1;1;1;1;1;0
wh0952;1;1;1;1;1;1
wh0953;1;1;1;1;1;1
wh0954;1;1;1;1;1;1
wh0955;1;1;1;1;1;1
wh0956;1;1;1;1;1;1
wh0957;1;1;1;1;1;0
wh0958;1;1;1;1;1;0
wh0959;1;1;1;1;0;0
wh0960;1;1;1;1;1;1
wh0961;0;0;1;1;0;1
wh0962;0;0;0;0;0;1
wh0963;1;0;0;1;1;1
wh0964;1;1;1;1;1;1
wh0965;1;1;1;1;1;1
wh0966;1;1;1;1;0;1
wh0967;1;1;1;1;1;0
wh0968;1;1;1;1;1;0
wh0969;1;1;1;1;1;0
wh0970;1;1;1;1;1;0
wh0971;1;1;1;1;1;1
wh0972;1;1;1;1;1;1
wh0973;1;1;1;1;1;0
wh0974;1;1;1;1;1;1
wh0975;1;1;1;1;1;1
wh0976;1;0;1;1;0;1
wh0977;0;1;1;1;0;1
wh0978;1;0;1;1;0;1
wh0979;1;1;1;1;0;1
wh0980;0;0;1;1;0;1
wh0981;1;0;1;1;0;1
wh0982;1;0;1;1;0;1
wh0983;1;0;1;1;1;1
wh0984;1;1;1;1;1;1
wh0985;1;0;1;1;0;1
wh0986;1;0;1;1;0;1
wh0987;1;1;1;1;1;1
wh0988;0;1;1;1;1;1
wh0989;0;1;0;1;1;1
wh0990;0;1;1;1;1;1
wh0991;1;1;1;1;0;1
wh0992;1;1;1;1;1;1
wh0993;1;1;1;1;1;1
wh0994;1;1;1;1;1;1
wh0995;1;1;1;1;1;1
wh0996;1;0;1;1;0;1
wh0997;1;1;1;1;0;1
wh0998;1;1;1;1;0;0
wh0999;1;1;1;1;0;1
wh1000;1;1;1;1;0;1
wh1001;1;1;1;1;1;1
wh1002;1;1;1;1;1;0
wh1003;1;1;1;1;1;0
wh1004;1;1;1;1;1;0
wh1005;1;1;1;1;1;0
wh1006;1;1;1;1;1;0
wh1007;1;1;1;1;1;0
wh1008;1;0;1;1;1;0
wh1009;1;1;1;1;1;0
wh1010;1;1;1;1;1;0
wh1011;1;0;1;1;1;0
wh1012;1;1;1;1;1;1
wh1013;1;1;1;1;1;1
wh1014;1;1;1;1;1;1
wh1015;1;1;1;1;1;0
wh1016;1;1;1;1;1;0
wh1017;1;1;1;1;1;0
wh1018;1;1;1;1;1;1
wh1019;1;1;1;1;1;1
wh1020;1;1;1;1;1;1
wh1021;1;1;1;1;1;0
wh1022;1;1;1;1;1;0
wh1023;1;1;1;1;1;0
wh1024;1;1;1;1;1;0
wh1025;1;1;1;1;1;1
wh1026;0;0;0;0;0;1
wh1027;0;0;0;0;0;1
wh1028;1;1;1;1;1;1
wh1029;1;1;1;1;1;0
wh1030;1;1;1;1;0;1
wh1031;1;1;1;1;0;0
wh1032;1;1;1;1;1;0
wh1033;1;1;1;1;0;0
wh1034;1;1;1;1;0;0
wh1035;1;1;1;1;1;0
wh1036;1;1;1;1;1;1
wh1037;1;1;1;1;1;1
wh1038;1;1;1;1;1;1
wh1039;1;1;1;1;1;1
wh1040;1;1;1;1;1;1
wh1041;1;0;1;1;0;1
wh1042;1;1;1;1;0;1
wh1043;1;1;1;1;0;1
wh1044;1;1;1;1;0;1
wh1045;1;0;1;1;0;1
wh1046;0;0;1;1;0;1
wh1047;1;0;1;1;0;1
wh1048;1;0;1;1;0;1
wh1049;1;1;1;1;0;0
wh1050;1;0;1;1;0;1
wh1051;1;0;1;1;0;1
wh1052;1;0;1;1;0;0
wh1053;1;1;1;1;0;1
wh1054;1;1;1;1;0;1
wh1055;1;0;1;1;0;1
wh1056;1;0;1;1;1;1
wh1057;0;0;0;1;1;1
wh1058;0;1;0;1;1;1
wh1059;0;0;1;1;0;1
wh1060;1;0;1;1;1;1
wh1061;1;1;1;1;0;1
wh1062;1;1;1;1;0;1
wh1063;1;1;1;1;0;1
wh1064;1;1;1;1;0;1
wh1065;1;1;1;1;0;1
wh1066;1;1;1;1;1;1
wh1067;1;1;1;1;1;1
wh1068;1;1;1;1;1;0
wh1069;1;1;1;1;0;1
wh1070;1;1;1;1;1;1
wh1071;1;1;1;1;1;1
wh1072;1;1;1;1;1;1
wh1073;1;1;1;1;1;0
wh1074;1;1;1;1;1;0
wh1075;1;1;1;1;1;0
wh1076;1;1;1;1;1;0
wh1077;1;1;1;1;1;1
wh1078;1;1;1;1;1;1
wh1079;1;0;1;1;1;0
wh1080;1;1;1;1;1;0
wh1081;1;1;1;1;1;0
wh1082;1;1;1;1;1;0
wh1083;1;0;1;1;0;1
wh1084;1;1;1;1;1;1
wh1085;1;1;1;1;1;0
wh1086;1;1;1;1;0;0
wh1087;1;1;1;1;0;0
wh1088;1;0;1;1;0;0
wh1089;1;1;1;1;1;1
wh1090;0;0;1;1;0;1
wh1091;0;0;0;0;0;1
wh1092;1;1;1;1;1;1
wh1093;1;1;1;1;1;1
wh1094;1;1;1;1;1;0
wh1095;1;1;1;1;0;0
wh1096;1;1;1;1;1;0
wh1097;1;1;1;1;0;0
wh1098;1;1;1;1;0;0
wh1099;1;1;1;1;1;0
wh1100;1;1;1;1;1;1
wh1101;1;1;1;1;1;1
wh1102;1;1;1;1;1;1
wh1103;1;1;1;1;1;1
wh1104;1;1;1;1;0;1
wh1105;1;0;1;1;1;1
wh1106;1;1;1;1;1;1
wh1107;1;1;1;1;1;1
wh1108;1;0;1;1;1;1
wh1109;1;0;1;1;1;1
wh1110;1;0;1;1;1;1
wh1111;0;0;1;1;1;1
wh1112;1;0;1;1;0;1
wh1113;1;0;1;1;1;1
wh1114;0;1;1;1;1;1
wh1115;0;0;1;1;0;1
wh1116;0;0;1;1;0;1
wh1117;1;0;1;1;0;1
wh1118;0;0;0;1;0;1
wh1119;1;1;1;1;0;1
wh1120;1;0;1;1;0;1
wh1121;1;0;1;1;0;1
wh1122;1;0;1;1;1;1
wh1123;0;0;0;1;0;1
wh1124;1;0;1;1;1;1
wh1125;1;0;1;1;0;1
wh1126;1;1;1;1;0;1
wh1127;1;1;1;1;0;1
wh1128;1;1;1;1;0;1
wh1129;1;0;1;1;0;1
wh1130;1;1;1;1;1;1
wh1131;1;1;1;1;1;1
wh1132;1;1;1;1;1;1
wh1133;1;1;1;1;0;1
wh1134;1;1;1;1;1;1
wh1135;1;1;1;1;0;1
wh1136;0;0;0;1;1;1
wh1137;1;1;1;1;1;1
wh1138;1;1;1;1;1;0
wh1139;1;1;1;1;0;0
wh1140;1;1;1;1;1;0
wh1141;1;1;1;1;1;0
wh1142;1;1;1;1;1;0
wh1143;1;1;1;1;1;1
wh1144;1;1;1;1;1;1
wh1145;1;1;1;1;1;0
wh1146;1;0;1;1;1;0
wh1147;1;1;1;1;0;0
wh1148;1;1;1;1;0;1
wh1149;1;1;1;1;1;0
wh1150;1;1;1;1;0;0
wh1151;1;1;1;1;0;0
wh1152;1;1;1;1;0;0
wh1153;1;1;1;1;0;0
wh1154;1;1;1;1;1;1
wh1155;0;0;0;0;0;1
wh1156;0;0;0;0;0;1
wh1157;1;1;1;1;1;1
wh1158;1;1;1;1;1;0
wh1159;1;1;1;1;1;0
wh1160;1;1;1;1;1;0
wh1161;1;1;1;1;0;0
wh1162;1;1;1;1;0;0
wh1163;1;1;1;1;0;0
wh1164;1;1;1;1;0;1
wh1165;1;1;1;1;1;1
wh1166;1;1;1;1;0;0
wh1167;1;1;1;1;1;0
wh1168;1;1;1;1;1;1
wh1169;1;1;1;1;1;1
wh1170;0;1;1;1;1;1
wh1171;1;1;1;1;1;1
wh1172;1;1;1;1;1;1
wh1173;1;1;1;1;1;1
wh1174;1;1;1;1;1;1
wh1175;1;1;1;1;1;1
wh1176;1;1;1;1;1;1
wh1177;1;1;1;1;0;1
wh1178;0;1;0;1;1;1
wh1179;0;1;1;1;1;1
wh1180;0;1;1;1;0;1
wh1181;0;1;0;1;0;1
wh1182;0;1;1;1;0;1
wh1183;1;1;1;1;0;1
wh1184;1;1;0;1;1;1
wh1185;0;1;0;1;1;1
wh1186;0;0;0;1;0;1
wh1187;1;0;1;1;0;1
wh1188;1;0;1;1;1;1
wh1189;1;0;1;1;0;1
wh1190;1;1;1;1;1;1
wh1191;1;1;1;1;0;0
wh1192;1;1;1;1;0;1
wh1193;1;1;1;1;1;1
wh1194;1;1;1;1;1;1
wh1195;1;1;1;1;1;1
wh1196;1;1;1;1;1;0
wh1197;1;1;1;1;0;1
wh1198;1;1;1;1;1;1
wh1199;1;1;1;1;1;1
wh1200;1;1;1;1;1;1
wh1201;1;0;0;1;1;1
wh1202;0;0;1;1;1;1
wh1203;1;1;1;1;1;1
wh1204;1;1;1;1;0;1
wh1205;1;1;1;1;1;0
wh1206;1;1;1;1;1;0
wh1207;1;1;1;1;1;0
wh1208;1;0;1;1;1;0
wh1209;1;1;1;1;1;0
wh1210;1;1;1;1;0;0
wh1211;1;1;1;1;0;0
wh1212;1;1;1;1;0;0
wh1213;1;1;1;1;0;0
wh1214;1;1;1;1;0;0
wh1215;1;1;1;1;0;0
wh1216;1;1;1;1;0;0
wh1217;1;1;1;1;0;0
wh1218;1;1;1;1;1;1
wh1219;0;0;1;1;1;1
wh1220;0;0;0;0;0;1
wh1221;1;1;1;1;1;1
wh1222;1;1;1;1;1;1
wh1223;1;1;1;1;1;0
wh1224;1;1;1;1;1;0
wh1225;1;1;1;1;1;0
wh1226;1;1;1;1;1;0
wh1227;1;1;1;1;0;0
wh1228;1;1;1;1;1;0
wh1229;1;1;1;1;1;1
wh1230;1;1;1;1;1;0
wh1231;1;1;1;1;0;0
wh1232;1;1;1;1;1;1
wh1233;1;1;1;1;1;1
wh1234;0;0;0;1;0;1
wh1235;0;0;0;1;0;1
wh1236;1;1;1;1;1;1
wh1237;1;1;1;1;1;1
wh1238;1;0;1;1;1;1
wh1239;1;0;1;1;1;1
wh1240;1;0;1;1;1;1
wh1241;1;0;1;1;1;1
wh1242;1;0;1;1;0;1
wh1243;1;0;0;1;0;1
wh1244;0;0;0;1;0;1
wh1245;0;1;0;1;0;1
wh1246;0;0;1;1;0;1
wh1247;0;0;0;1;0;1
wh1248;0;0;0;1;0;1
wh1249;0;0;0;1;0;1
wh1250;0;1;0;1;0;1
wh1251;0;0;0;1;0;1
wh1252;0;0;1;1;0;1
wh1253;1;1;1;1;1;1
wh1254;1;1;1;1;1;1
wh1255;1;1;1;1;1;1
wh1256;1;1;1;1;1;1
wh1257;1;1;1;1;1;1
wh1258;1;1;1;1;1;1
wh1259;1;1;1;1;1;1
wh1260;1;1;1;1;1;1
wh1261;1;1;1;1;1;1
wh1262;1;1;1;1;1;1
wh1263;1;1;1;1;1;1
wh1264;1;1;1;1;1;1
wh1265;1;1;1;1;1;1
wh1266;1;1;1;1;1;1
wh1267;1;1;1;1;1;1
wh1268;1;1;1;1;1;1
wh1269;1;1;1;1;0;1
wh1270;1;1;1;1;0;1
wh1271;1;1;1;1;1;1
wh1272;1;1;1;1;1;1
wh1273;1;1;1;1;1;1
wh1274;1;1;1;1;1;0
wh1275;1;1;1;1;1;0
wh1276;1;1;1;1;0;0
wh1277;1;1;1;1;0;0
wh1278;1;1;1;1;0;0
wh1279;1;1;1;1;1;0
wh1280;1;1;1;1;1;0
wh1281;1;1;1;1;0;0
wh1282;1;1;1;1;0;0
wh1283;1;1;1;1;1;1
wh1284;0;0;0;0;0;1
wh1285;0;1;0;1;1;1
wh1286;1;1;1;1;1;1
wh1287;1;1;1;1;1;0
wh1288;1;1;1;1;0;0
wh1289;1;1;1;1;1;1
wh1290;1;1;1;1;1;1
wh1291;1;1;1;1;1;1
wh1292;1;1;1;1;1;1
wh1293;1;1;1;1;1;1
wh1294;1;1;1;1;1;0
wh1295;1;1;1;1;1;0
wh1296;1;1;1;1;0;0
wh1297;1;1;1;1;1;1
wh1298;1;0;1;1;1;1
wh1299;1;0;1;1;1;1
wh1300;0;0;0;0;0;1
wh1301;1;1;1;1;1;1
wh1302;1;1;1;1;1;1
wh1303;1;0;1;1;1;0
wh1304;1;0;1;1;1;0
wh1305;1;0;1;1;1;0
wh1306;1;0;1;1;1;1
wh1307;1;0;1;1;0;1
wh1308;1;0;1;1;0;1
wh1309;1;0;1;1;0;1
wh1310;1;1;1;1;0;1
wh1311;0;0;1;1;0;1
wh1312;0;0;0;1;0;1
wh1313;0;0;0;1;0;1
wh1314;0;0;0;1;0;1
wh1315;0;1;0;1;0;1
wh1316;0;1;1;1;0;1
wh1317;0;1;0;1;0;1
wh1318;1;1;1;1;1;1
wh1319;1;1;1;1;1;1
wh1320;1;1;1;1;0;0
wh1321;1;0;1;1;0;0
wh1322;1;0;1;1;1;1
wh1323;1;1;1;1;1;1
wh1324;1;0;1;1;1;0
wh1325;1;0;1;1;1;0
wh1326;1;0;1;1;1;0
wh1327;1;0;1;1;1;1
wh1328;1;1;1;1;1;1
wh1329;1;1;1;1;1;0
wh1330;1;1;1;1;1;0
wh1331;1;1;1;1;1;0
wh1332;1;1;1;1;0;0
wh1333;1;1;1;1;0;0
wh1334;1;1;1;1;1;1
wh1335;1;1;1;1;0;1
wh1336;1;1;1;1;1;1
wh1337;1;1;1;1;1;1
wh1338;1;1;1;1;1;1
wh1339;1;1;1;1;1;1
wh1340;1;1;1;1;0;0
wh1341;1;1;1;1;1;0
wh1342;1;1;1;1;1;0
wh1343;1;1;1;1;1;0
wh1344;1;1;1;1;1;0
wh1345;1;1;1;1;1;0
wh1346;1;1;1;1;1;0
wh1347;1;1;1;1;1;1
wh1348;0;1;1;1;0;1
wh1349;0;0;0;0;0;1
wh1350;1;1;1;1;1;1
wh1351;1;1;1;1;1;0
wh1352;1;1;1;1;1;1
wh1353;1;1;1;1;1;1
wh1354;1;1;1;1;1;1
wh1355;0;0;1;1;1;1
wh1356;0;0;1;1;0;1
wh1357;0;1;1;1;0;1
wh1358;1;1;1;1;0;1
wh1359;1;1;1;1;0;0
wh1360;1;1;1;1;0;0
wh1361;1;1;1;1;1;0
wh1362;1;1;1;1;1;1
wh1363;1;1;0;1;1;1
wh1364;0;0;0;0;1;1
wh1365;0;0;0;0;0;1
wh1366;1;1;1;1;1;1
wh1367;1;1;1;1;1;1
wh1368;1;1;1;1;1;0
wh1369;1;1;1;1;1;1
wh1370;1;1;1;1;1;1
wh1371;1;1;1;1;1;1
wh1372;1;1;1;1;1;1
wh1373;1;1;1;1;1;1
wh1374;1;1;1;1;1;1
wh1375;1;1;1;1;1;1
wh1376;1;0;0;1;0;1
wh1377;0;0;0;1;0;1
wh1378;0;0;0;1;0;1
wh1379;0;1;0;1;0;1
wh1380;0;1;1;1;0;1
wh1381;0;1;1;1;0;1
wh1382;0;1;1;1;0;1
wh1383;0;1;1;1;1;1
wh1384;1;1;1;1;1;1
wh1385;1;1;1;1;1;0
wh1386;1;1;1;1;1;0
wh1387;0;1;1;1;1;1
wh1388;1;1;1;1;1;1
wh1389;1;1;1;1;1;0
wh1390;1;1;1;1;1;1
wh1391;1;1;1;1;1;1
wh1392;1;1;1;1;1;0
wh1393;1;1;1;1;1;0
wh1394;1;1;1;1;1;0
wh1395;1;1;1;1;1;0
wh1396;1;1;1;1;1;0
wh1397;1;1;1;1;1;0
wh1398;1;1;1;1;1;0
wh1399;1;1;1;1;0;0
wh1400;1;1;1;1;1;1
wh1401;1;1;1;1;1;1
wh1402;1;1;1;1;1;1
wh1403;1;1;1;1;1;1
wh1404;1;1;1;1;1;1
wh1405;1;1;1;1;1;1
wh1406;1;1;1;1;1;1
wh1407;1;1;1;1;0;1
wh1408;1;1;1;1;1;1
wh1409;1;1;1;1;1;1
wh1410;1;1;1;1;1;1
wh1411;1;1;1;1;1;1
wh1412;1;1;1;1;0;1
wh1413;0;0;0;0;0;1
wh1414;1;1;1;1;1;1
wh1415;1;1;1;1;1;1
wh1416;1;1;1;1;1;1
wh1417;1;1;1;1;1;1
wh1418;0;1;1;1;0;1
wh1419;0;1;0;1;0;1
wh1420;0;1;1;1;1;1
wh1421;1;1;1;1;1;1
wh1422;1;1;1;1;1;1
wh1423;1;1;1;1;1;0
wh1424;1;1;1;1;0;0
wh1425;1;1;1;1;0;0
wh1426;1;1;1;1;1;0
wh1427;1;0;1;1;1;1
wh1428;0;0;1;1;0;1
wh1429;0;0;0;0;0;1
wh1430;0;0;0;0;0;1
wh1431;1;1;0;1;1;1
wh1432;1;1;1;1;1;1
wh1433;1;1;1;1;1;1
wh1434;1;1;1;1;1;1
wh1435;1;1;1;1;1;1
wh1436;1;1;1;1;1;1
wh1437;1;1;1;1;1;0
wh1438;1;1;1;1;1;0
wh1439;1;0;1;1;1;1
wh1440;1;1;1;1;1;1
wh1441;1;1;1;1;1;1
wh1442;1;1;1;1;0;1
wh1443;1;1;1;1;0;1
wh1444;1;1;1;1;0;1
wh1445;1;0;1;1;1;1
wh1446;1;0;1;1;1;1
wh1447;1;1;1;1;0;1
wh1448;1;1;1;1;1;1
wh1449;1;1;1;1;1;1
wh1450;1;1;1;1;1;0
wh1451;1;1;1;1;1;1
wh1452;1;1;1;1;1;1
wh1453;1;1;1;1;1;0
wh1454;1;0;1;1;1;1
wh1455;1;0;1;1;1;1
wh1456;1;0;1;1;1;1
wh1457;1;0;1;1;1;1
wh1458;1;0;1;1;1;1
wh1459;1;0;1;1;1;0
wh1460;1;1;1;1;1;1
wh1461;1;1;1;1;1;0
wh1462;1;1;1;1;1;0
wh1463;1;1;1;1;1;0
wh1464;1;1;1;1;1;0
wh1465;1;1;1;1;1;0
wh1466;1;1;1;1;1;1
wh1467;1;1;1;1;1;1
wh1468;1;1;1;1;1;1
wh1469;1;0;1;1;0;1
wh1470;1;0;1;1;1;1
wh1471;1;0;1;1;1;1
wh1472;1;1;1;1;1;1
wh1473;1;0;1;1;0;1
wh1474;1;1;1;1;1;1
wh1475;1;1;1;1;1;1
wh1476;1;1;1;1;1;1
wh1477;0;0;0;0;0;1
wh1478;0;0;1;1;0;1
wh1479;1;1;1;1;0;1
wh1480;1;1;1;1;0;0
wh1481;1;1;1;1;1;1
wh1482;1;1;1;1;1;1
wh1483;0;0;1;1;1;1
wh1484;1;1;1;1;1;1
wh1485;1;1;1;1;1;1
wh1486;1;1;1;1;1;1
wh1487;1;1;1;1;1;0
wh1488;1;1;1;1;1;0
wh1489;1;1;1;1;1;0
wh1490;1;1;1;1;1;1
wh1491;1;0;1;1;1;1
wh1492;1;0;1;1;1;1
wh1493;1;0;0;1;0;1
wh1494;0;0;0;0;0;1
wh1495;0;0;0;0;0;1
wh1496;0;1;1;1;1;1
wh1497;1;1;1;1;1;1
wh1498;1;0;1;1;1;1
wh1499;1;0;1;1;1;1
wh1500;1;1;1;1;1;1
wh1501;0;1;1;1;1;1
wh1502;1;0;0;1;1;1
wh1503;1;1;1;1;1;1
wh1504;1;1;1;1;1;1
wh1505;1;1;1;1;1;1
wh1506;1;1;1;1;1;1
wh1507;1;0;1;1;1;1
wh1508;1;0;1;1;1;1
wh1509;1;0;1;1;1;1
wh1510;1;0;1;1;1;0
wh1511;1;0;1;1;0;0
wh1512;1;1;1;1;1;0
wh1513;1;1;1;1;1;1
wh1514;1;1;1;1;1;1
wh1515;1;1;1;1;1;1
wh1516;1;0;1;1;1;1
wh1517;1;1;1;1;1;1
wh1518;1;1;1;1;1;1
wh1519;1;1;1;1;1;1
wh1520;1;0;1;1;1;1
wh1521;1;0;1;1;1;1
wh1522;1;0;1;1;1;1
wh1523;1;0;1;1;1;1
wh1524;1;0;1;1;0;1
wh1525;1;1;1;1;1;1
wh1526;1;1;1;1;1;0
wh1527;1;1;1;1;1;0
wh1528;1;1;1;1;1;1
wh1529;1;1;1;1;1;0
wh1530;1;1;1;1;1;0
wh1531;1;1;1;1;1;0
wh1532;1;1;1;1;1;1
wh1533;1;1;1;1;1;1
wh1534;1;1;1;1;1;0
wh1535;1;1;1;1;1;1
wh1536;0;1;1;1;1;1
wh1537;1;1;1;1;1;1
wh1538;1;1;1;1;0;0
wh1539;1;1;1;1;0;0
wh1540;1;1;1;1;1;1
wh1541;1;0;1;1;1;1
wh1542;0;0;0;0;0;1
wh1543;1;1;1;1;1;1
wh1544;1;1;1;1;0;0
wh1545;1;1;1;1;0;0
wh1546;1;1;1;1;0;0
wh1547;1;1;1;1;0;0
wh1548;1;1;1;1;0;0
wh1549;1;1;1;1;1;0
wh1550;1;1;1;1;1;0
wh1551;1;1;1;1;0;1
wh1552;1;1;1;1;0;1
wh1553;1;1;1;1;1;0
wh1554;1;1;1;1;1;1
wh1555;1;1;1;1;1;1
wh1556;1;0;1;1;1;1
wh1557;0;0;1;1;1;1
wh1558;0;0;0;0;0;1
wh1559;0;0;0;0;0;1
wh1560;0;0;0;0;0;1
wh1561;0;1;1;1;1;1
wh1562;0;0;1;1;0;1
wh1563;1;0;1;1;0;1
wh1564;0;1;1;1;1;1
wh1565;1;1;1;1;1;1
wh1566;1;0;1;1;1;1
wh1567;1;0;0;1;1;1
wh1568;1;0;0;1;0;1
wh1569;1;1;1;1;1;1
wh1570;1;0;1;1;1;1
wh1571;1;1;1;1;1;1
wh1572;1;1;1;1;1;0
wh1573;1;1;1;1;1;1
wh1574;1;1;1;1;1;1
wh1575;1;1;1;1;1;1
wh1576;1;1;1;1;1;1
wh1577;1;1;1;1;1;1
wh1578;1;1;1;1;1;1
wh1579;1;1;1;1;1;1
wh1580;1;1;1;1;1;1
wh1581;1;1;1;1;1;1
wh1582;1;1;1;1;1;1
wh1583;1;0;1;1;1;1
wh1584;1;1;1;1;1;1
wh1585;1;0;1;1;1;1
wh1586;1;0;1;1;1;1
wh1587;1;0;1;1;1;1
wh1588;1;1;1;1;1;1
wh1589;1;1;1;1;0;1
wh1590;1;1;1;1;1;1
wh1591;1;1;1;1;1;0
wh1592;1;1;1;1;1;1
wh1593;1;1;1;1;1;1
wh1594;1;1;1;1;1;0
wh1595;1;1;1;1;1;1
wh1596;1;1;1;1;1;1
wh1597;1;1;1;1;1;1
wh1598;1;1;1;1;1;0
wh1599;1;1;1;1;1;0
wh1600;1;1;1;1;1;0
wh1601;1;1;1;1;1;0
wh1602;1;1;1;1;1;0
wh1603;1;1;1;1;0;0
wh1604;1;1;1;1;0;1
wh1605;1;1;1;1;1;1
wh1606;0;1;0;0;0;1
wh1607;1;1;1;1;0;1
wh1608;1;1;1;1;1;1
wh1609;1;1;1;1;0;0
wh1610;1;0;1;1;0;0
wh1611;1;1;1;1;0;0
wh1612;1;1;1;1;0;0
wh1613;1;1;1;1;0;0
wh1614;1;1;1;1;1;0
wh1615;1;1;1;1;0;0
wh1616;1;1;1;1;0;0
wh1617;1;1;1;1;0;1
wh1618;1;1;1;1;0;1
wh1619;1;1;1;1;0;1
wh1620;1;0;1;1;0;1
wh1621;1;0;1;1;0;1
wh1622;0;0;0;1;0;1
wh1623;0;0;0;0;0;1
wh1624;0;0;0;0;0;1
wh1625;0;0;0;0;0;1
wh1626;0;1;0;1;1;1
wh1627;0;0;0;0;0;1
wh1628;0;0;1;1;0;1
wh1629;0;0;1;1;0;1
wh1630;1;1;1;1;0;1
wh1631;1;1;1;1;1;1
wh1632;1;0;1;1;1;1
wh1633;1;0;1;1;1;1
wh1634;1;1;1;1;1;1
wh1635;1;0;1;1;0;1
wh1636;1;0;1;1;0;1
wh1637;1;1;1;1;1;1
wh1638;1;1;1;1;1;1
wh1639;1;0;1;1;1;1
wh1640;1;0;1;1;1;1
wh1641;1;0;1;1;1;1
wh1642;1;0;1;1;1;1
wh1643;1;1;1;1;1;1
wh1644;1;0;0;1;1;1
wh1645;1;1;1;1;1;1
wh1646;1;1;1;1;1;1
wh1647;1;1;1;1;1;1
wh1648;1;0;1;1;1;1
wh1649;1;1;1;1;1;1
wh1650;1;0;1;1;1;1
wh1651;1;0;1;1;1;1
wh1652;1;0;1;1;1;1
wh1653;1;1;1;1;1;1
wh1654;1;1;1;1;1;1
wh1655;1;1;1;1;0;1
wh1656;1;1;1;1;0;0
wh1657;1;1;1;1;1;1
wh1658;1;0;1;1;1;1
wh1659;1;1;1;1;1;1
wh1660;1;1;1;1;1;1
wh1661;1;1;1;1;1;1
wh1662;1;1;1;1;1;1
wh1663;1;1;1;1;1;1
wh1664;1;1;1;1;1;0
wh1665;1;1;1;1;1;1
wh1666;1;1;1;1;1;0
wh1667;1;1;1;1;0;0
wh1668;1;1;1;1;0;0
wh1669;1;1;1;1;1;1
wh1670;1;1;1;1;1;1
wh1671;0;0;0;0;0;1
wh1672;1;1;1;1;1;1
wh1673;1;1;1;1;0;0
wh1674;1;1;1;1;0;0
wh1675;1;1;1;1;1;0
wh1676;1;1;1;1;1;0
wh1677;1;1;1;1;0;0
wh1678;1;1;1;1;1;0
wh1679;1;1;1;1;0;0
wh1680;1;1;1;1;0;0
wh1681;1;1;1;1;0;0
wh1682;1;1;1;1;0;0
wh1683;1;1;1;1;0;1
wh1684;1;1;1;1;0;1
wh1685;1;0;1;1;0;1
wh1686;1;0;1;1;0;1
wh1687;0;0;0;1;1;1
wh1688;0;0;0;0;0;1
wh1689;0;0;0;0;0;1
wh1690;0;0;0;0;0;1
wh1691;1;1;0;1;1;1
wh1692;0;0;0;1;0;1
wh1693;0;0;0;1;0;1
wh1694;0;0;0;1;0;1
wh1695;0;0;1;1;0;1
wh1696;1;1;1;1;1;1
wh1697;1;1;1;1;1;1
wh1698;1;1;1;1;0;0
wh1699;1;1;1;1;1;1
wh1700;1;0;1;1;0;1
wh1701;1;0;0;1;1;1
wh1702;1;1;1;1;1;1
wh1703;1;1;1;1;1;1
wh1704;1;0;1;1;1;1
wh1705;0;0;1;1;0;1
wh1706;1;0;0;1;0;1
wh1707;1;0;1;1;1;1
wh1708;1;1;1;1;1;1
wh1709;1;0;0;1;1;1
wh1710;1;1;1;1;1;1
wh1711;1;0;1;1;1;1
wh1712;1;0;1;1;1;1
wh1713;1;0;1;1;1;1
wh1714;1;1;1;1;1;1
wh1715;1;0;1;1;1;1
wh1716;1;0;1;1;1;1
wh1717;1;0;1;1;1;1
wh1718;1;1;1;1;1;1
wh1719;1;1;1;1;1;0
wh1720;1;1;1;1;0;1
wh1721;1;1;1;1;1;1
wh1722;1;1;1;1;1;1
wh1723;0;0;1;1;1;1
wh1724;0;0;0;1;0;1
wh1725;1;0;0;1;0;1
wh1726;1;1;1;1;1;1
wh1727;0;0;1;1;1;1
wh1728;1;1;1;1;1;1
wh1729;1;1;1;1;0;0
wh1730;1;1;1;1;1;0
wh1731;1;1;1;1;1;0
wh1732;1;1;1;1;1;0
wh1733;1;1;1;1;0;0
wh1734;1;1;1;1;1;1
wh1735;0;0;0;0;0;1
wh1736;0;0;0;0;0;1
wh1737;1;1;1;1;1;1
wh1738;1;1;1;1;1;0
wh1739;1;1;1;1;1;0
wh1740;1;1;1;1;1;0
wh1741;1;1;1;1;0;0
wh1742;1;1;1;1;1;0
wh1743;1;1;1;1;0;0
wh1744;1;1;1;1;0;0
wh1745;1;1;1;1;0;0
wh1746;1;1;1;1;0;0
wh1747;1;1;1;1;0;0
wh1748;1;1;1;1;0;0
wh1749;1;1;1;1;0;0
wh1750;1;0;1;1;0;1
wh1751;1;0;1;1;0;1
wh1752;1;0;1;1;1;1
wh1753;0;0;0;0;0;1
wh1754;0;0;0;0;0;1
wh1755;0;0;0;0;0;1
wh1756;1;1;1;1;1;1
wh1757;1;0;1;1;1;1
wh1758;0;0;0;1;1;1
wh1759;0;0;0;1;0;1
wh1760;0;0;1;1;0;1
wh1761;0;0;1;1;1;1
wh1762;1;0;1;1;0;1
wh1763;1;1;1;1;1;1
wh1764;1;1;1;1;1;1
wh1765;1;1;1;1;1;1
wh1766;1;1;0;1;0;1
wh1767;1;1;1;1;0;1
wh1768;1;1;1;1;1;1
wh1769;1;0;1;1;1;1
wh1770;0;0;1;1;0;1
wh1771;0;0;0;1;0;1
wh1772;1;0;0;1;0;1
wh1773;1;1;0;1;1;1
wh1774;1;1;0;1;1;1
wh1775;1;0;0;1;1;1
wh1776;1;0;1;1;0;1
wh1777;1;0;1;1;1;1
wh1778;1;0;0;1;1;1
wh1779;1;1;1;1;1;1
wh1780;1;1;1;1;1;1
wh1781;1;1;1;1;1;1
wh1782;1;0;1;1;1;1
wh1783;1;1;1;1;1;1
wh1784;1;1;1;1;1;0
wh1785;1;1;1;1;1;0
wh1786;1;1;1;1;1;1
wh1787;1;1;1;1;1;1
wh1788;1;1;1;1;1;1
wh1789;1;1;1;1;1;1
wh1790;1;1;1;1;1;1
wh1791;1;1;1;1;1;1
wh1792;0;0;0;1;0;1
wh1793;1;1;1;1;1;1
wh1794;1;1;1;1;0;1
wh1795;1;1;1;1;1;0
wh1796;1;1;1;1;1;0
wh1797;1;1;1;1;1;0
wh1798;1;1;1;1;1;1
wh1799;1;1;1;1;1;1
wh1800;0;0;0;0;0;1
wh1801;1;0;1;1;1;1
wh1802;1;1;1;1;1;1
wh1803;1;1;1;1;0;1
wh1804;1;1;1;1;0;0
wh1805;1;1;1;1;0;0
wh1806;1;0;1;1;0;0
wh1807;1;1;1;1;0;0
wh1808;1;1;1;1;0;0
wh1809;1;1;1;1;0;0
wh1810;1;1;1;1;1;0
wh1811;1;1;1;1;1;0
wh1812;1;1;1;1;1;0
wh1813;1;1;1;1;1;0
wh1814;1;1;1;1;0;0
wh1815;1;1;1;1;0;1
wh1816;1;0;1;1;0;0
wh1817;1;0;1;1;1;1
wh1818;1;0;1;1;1;1
wh1819;0;0;0;1;1;1
wh1820;1;0;0;1;1;1
wh1821;1;1;1;1;1;1
wh1822;1;0;1;1;0;1
wh1823;0;0;1;1;1;1
wh1824;0;0;1;1;0;1
wh1825;1;0;0;1;0;1
wh1826;0;0;1;1;0;1
wh1827;1;0;1;1;0;1
wh1828;1;1;1;1;1;1
wh1829;1;1;1;1;1;1
wh1830;1;0;0;1;1;1
wh1831;0;0;0;1;0;1
wh1832;1;0;1;1;1;1
wh1833;1;0;1;1;1;1
wh1834;1;0;1;1;0;1
wh1835;0;0;1;1;0;1
wh1836;0;0;0;1;0;1
wh1837;1;0;1;1;1;1
wh1838;1;1;0;1;1;1
wh1839;1;1;0;1;1;1
wh1840;0;0;0;1;1;1
wh1841;1;0;1;1;1;1
wh1842;1;0;1;1;1;1
wh1843;1;0;1;1;1;1
wh1844;1;1;1;1;1;1
wh1845;1;1;1;1;1;1
wh1846;1;1;1;1;1;1
wh1847;1;1;1;1;1;0
wh1848;1;1;1;1;1;1
wh1849;1;1;1;1;1;1
wh1850;1;1;1;1;1;1
wh1851;1;1;1;1;1;1
wh1852;1;1;1;1;1;1
wh1853;1;1;1;1;1;1
wh1854;1;1;1;1;1;0
wh1855;1;1;1;1;1;1
wh1856;1;1;1;1;1;1
wh1857;0;1;1;1;1;1
wh1858;1;1;1;1;1;1
wh1859;1;1;1;1;1;0
wh1860;1;1;1;1;0;0
wh1861;1;1;1;1;1;0
wh1862;1;1;1;1;1;0
wh1863;1;1;1;1;1;1
wh1864;0;1;0;0;0;1
wh1865;0;1;0;0;0;1
wh1866;1;1;1;1;1;1
wh1867;1;0;1;1;1;1
wh1868;1;1;1;1;0;0
wh1869;1;1;1;1;1;1
wh1870;1;1;1;1;0;1
wh1871;1;1;1;1;0;0
wh1872;1;1;1;1;0;0
wh1873;1;1;1;1;0;0
wh1874;1;1;1;1;1;0
wh1875;1;1;1;1;1;0
wh1876;1;1;1;1;0;0
wh1877;1;1;1;1;0;0
wh1878;1;0;1;1;1;0
wh1879;1;1;1;1;0;0
wh1880;1;1;1;1;0;0
wh1881;1;1;1;1;1;0
wh1882;1;0;1;1;1;1
wh1883;1;1;1;1;1;1
wh1884;0;1;1;1;1;1
wh1885;1;1;1;1;1;1
wh1886;1;1;0;1;1;1
wh1887;1;0;0;1;1;1
wh1888;0;0;0;1;0;1
wh1889;1;0;1;1;0;1
wh1890;1;0;1;1;1;1
wh1891;1;1;1;1;1;1
wh1892;1;1;1;1;1;1
wh1893;1;1;1;1;1;1
wh1894;1;0;1;1;1;1
wh1895;1;0;1;1;1;1
wh1896;1;0;1;1;0;1
wh1897;0;0;0;1;1;1
wh1898;0;0;0;1;0;1
wh1899;0;0;0;0;0;1
wh1900;0;0;0;0;0;1
wh1901;0;0;0;1;0;1
wh1902;1;0;0;1;1;1
wh1903;1;0;0;1;1;1
wh1904;1;1;0;1;1;1
wh1905;0;0;0;1;1;1
wh1906;0;1;1;1;1;1
wh1907;0;1;1;1;1;1
wh1908;0;1;1;1;1;1
wh1909;0;1;0;1;1;1
wh1910;0;1;1;1;1;1
wh1911;1;1;1;1;1;1
wh1912;1;1;1;1;1;1
wh1913;1;1;1;1;1;1
wh1914;1;1;1;1;1;1
wh1915;1;1;1;1;1;1
wh1916;0;1;0;1;1;1
wh1917;1;1;1;1;1;1
wh1918;1;1;1;1;1;1
wh1919;1;1;1;1;1;1
wh1920;1;1;1;1;1;1
wh1921;1;1;1;1;1;0
wh1922;1;1;1;1;1;1
wh1923;1;1;1;1;1;0
wh1924;1;1;1;1;1;0
wh1925;1;1;1;1;1;0
wh1926;1;1;1;1;1;0
wh1927;1;1;1;1;1;1
wh1928;0;1;1;1;1;1
wh1929;0;0;0;0;0;1
wh1930;0;0;0;0;0;1
wh1931;1;1;0;1;1;1
wh1932;1;1;1;1;1;1
wh1933;1;1;1;1;1;0
wh1934;1;1;1;1;1;1
wh1935;1;1;1;1;1;1
wh1936;1;1;1;1;0;0
wh1937;1;1;1;1;0;0
wh1938;1;1;1;1;0;1
wh1939;1;1;1;1;1;0
wh1940;1;1;1;1;1;0
wh1941;1;1;1;1;1;0
wh1942;1;1;1;1;0;0
wh1943;1;1;1;1;0;0
wh1944;1;1;1;1;0;0
wh1945;1;1;1;1;0;0
wh1946;1;1;1;1;0;0
wh1947;1;1;1;1;1;1
wh1948;1;1;1;1;1;1
wh1949;1;1;1;1;1;1
wh1950;1;1;1;1;1;1
wh1951;1;1;1;1;0;1
wh1952;0;0;1;1;1;1
wh1953;0;0;0;1;1;1
wh1954;1;0;1;1;1;1
wh1955;1;0;1;1;1;1
wh1956;1;0;1;1;1;1
wh1957;1;0;1;1;1;1
wh1958;1;1;1;1;1;1
wh1959;1;0;1;1;1;1
wh1960;0;0;1;1;0;1
wh1961;0;0;0;1;1;1
wh1962;0;0;0;1;0;1
wh1963;0;0;1;1;1;1
wh1964;1;1;1;1;1;1
wh1965;0;0;0;1;1;1
wh1966;0;0;0;0;0;1
wh1967;1;0;1;1;1;1
wh1968;1;0;1;1;1;1
wh1969;1;1;1;1;1;1
wh1970;1;1;1;1;1;1
wh1971;1;1;1;1;1;1
wh1972;1;1;1;1;1;1
wh1973;0;0;0;1;0;1
wh1974;0;0;0;1;0;1
wh1975;0;0;0;1;0;1
wh1976;1;1;1;1;1;1
wh1977;1;1;1;1;0;1
wh1978;1;1;1;1;1;1
wh1979;1;1;1;1;1;1
wh1980;1;1;1;1;1;1
wh1981;0;1;1;1;1;1
wh1982;1;1;1;1;1;1
wh1983;1;1;1;1;1;1
wh1984;1;1;1;1;1;0
wh1985;1;1;1;1;1;0
wh1986;1;1;1;1;1;1
wh1987;1;1;1;1;1;1
wh1988;1;1;1;1;1;0
wh1989;1;1;1;1;1;0
wh1990;1;1;1;1;1;0
wh1991;1;1;1;1;1;1
wh1992;1;1;1;1;1;1
wh1993;0;0;0;0;0;1
wh1994;0;0;0;0;0;1
wh1995;0;0;0;0;0;1
wh1996;1;0;1;1;1;1
wh1997;1;1;1;1;1;1
wh1998;1;1;1;1;0;0
wh1999;1;1;1;1;0;1
wh2000;1;1;1;1;0;1
wh2001;1;1;1;1;1;0
wh2002;1;1;1;1;0;0
wh2003;1;0;1;1;0;1
wh2004;1;1;1;1;1;0
wh2005;1;1;1;1;0;0
wh2006;1;1;1;1;1;0
wh2007;1;0;1;1;1;0
wh2008;1;1;1;1;1;0
wh2009;1;1;1;1;1;0
wh2010;1;1;1;1;0;0
wh2011;1;1;1;1;1;0
wh2012;1;1;1;1;1;1
wh2013;1;0;1;1;1;1
wh2014;1;0;1;1;0;1
wh2015;1;0;1;1;0;1
wh2016;1;0;1;1;1;1
wh2017;0;0;1;1;1;1
wh2018;0;0;0;1;1;1
wh2019;1;0;0;1;0;1
wh2020;0;0;0;1;0;1
wh2021;1;0;1;1;1;1
wh2022;1;0;1;1;1;1
wh2023;1;1;1;1;1;1
wh2024;1;0;1;1;1;1
wh2025;1;0;1;1;1;1
wh2026;0;0;0;1;0;1
wh2027;1;0;0;1;1;1
wh2028;1;0;1;1;1;1
wh2029;1;1;1;1;1;1
wh2030;1;1;1;1;1;1
wh2031;1;1;1;1;1;1
wh2032;1;1;1;1;1;1
wh2033;1;0;1;1;1;1
wh2034;1;1;1;1;1;1
wh2035;1;1;1;1;1;1
wh2036;1;1;1;1;1;0
wh2037;1;0;1;1;1;1
wh2038;1;0;1;1;1;1
wh2039;1;0;1;1;1;1
wh2040;1;0;1;1;1;1
wh2041;1;1;1;1;1;1
wh2042;1;1;1;1;0;1
wh2043;0;1;1;1;1;1
wh2044;1;1;1;1;1;1
wh2045;1;1;1;1;1;0
wh2046;1;1;1;1;1;1
wh2047;1;1;1;1;1;1
wh2048;1;1;1;1;1;1
wh2049;1;1;1;1;1;1
wh2050;1;1;1;1;1;1
wh2051;1;1;1;1;1;1
wh2052;1;1;1;1;1;1
wh2053;1;1;1;1;1;0
wh2054;1;1;1;1;1;0
wh2055;1;1;1;1;1;1
wh2056;1;0;1;1;1;1
wh2057;0;0;0;0;0;1
wh2058;1;0;0;0;0;1
wh2059;0;0;0;0;0;1
wh2060;0;0;0;1;0;1
wh2061;1;1;1;1;1;1
wh2062;1;1;1;1;1;0
wh2063;1;1;1;1;0;0
wh2064;1;1;1;1;0;0
wh2065;1;1;1;1;1;1
wh2066;1;1;1;1;1;1
wh2067;1;1;1;1;0;0
wh2068;1;1;1;1;0;0
wh2069;1;1;1;1;0;0
wh2070;1;1;1;1;0;0
wh2071;1;1;1;1;1;0
wh2072;1;0;1;1;1;0
wh2073;1;1;1;1;0;0
wh2074;1;0;1;1;1;0
wh2075;1;0;1;1;1;0
wh2076;1;1;1;1;1;0
wh2077;1;1;1;1;1;1
wh2078;1;1;1;1;1;0
wh2079;1;1;1;1;1;1
wh2080;1;1;1;1;1;1
wh2081;1;0;1;1;0;1
wh2082;1;0;0;1;1;1
wh2083;1;0;0;1;0;1
wh2084;1;0;0;1;0;1
wh2085;1;0;0;1;0;1
wh2086;1;0;0;1;1;1
wh2087;1;1;1;1;1;1
wh2088;1;1;1;1;1;1
wh2089;1;0;1;1;1;1
wh2090;1;1;1;1;1;1
wh2091;1;1;1;1;1;1
wh2092;1;1;1;1;1;0
wh2093;1;1;1;1;1;1
wh2094;1;1;1;1;1;1
wh2095;1;0;1;1;1;1
wh2096;0;0;1;1;1;1
wh2097;0;1;1;1;1;1
wh2098;1;1;1;1;1;1
wh2099;1;1;1;1;1;1
wh2100;1;1;1;1;1;0
wh2101;1;1;1;1;1;1
wh2102;1;0;1;1;1;1
wh2103;1;0;0;1;1;1
wh2104;1;0;1;1;1;1
wh2105;1;1;1;1;1;1
wh2106;1;1;1;1;0;0
wh2107;1;1;1;1;1;1
wh2108;1;1;1;1;1;1
wh2109;1;1;1;1;1;1
wh2110;1;1;1;1;1;1
wh2111;1;1;1;1;1;1
wh2112;1;1;1;1;1;1
wh2113;1;1;1;1;1;0
wh2114;1;1;1;1;1;1
wh2115;1;1;1;1;1;1
wh2116;1;1;1;1;1;1
wh2117;1;1;1;1;1;1
wh2118;1;1;1;1;1;0
wh2119;1;1;1;1;1;0
wh2120;1;1;1;1;1;1
wh2121;0;0;0;1;1;1
wh2122;0;0;0;0;0;1
wh2123;0;0;0;0;0;1
wh2124;0;0;0;0;0;1
wh2125;1;1;1;1;1;1
wh2126;1;1;1;1;1;0
wh2127;1;1;1;1;1;0
wh2128;1;1;1;1;1;0
wh2129;1;1;1;1;1;0
wh2130;1;1;1;1;1;1
wh2131;1;1;1;1;0;0
wh2132;1;1;1;1;0;0
wh2133;1;1;1;1;0;0
wh2134;1;1;1;1;0;1
wh2135;1;1;1;1;1;1
wh2136;1;1;1;1;1;1
wh2137;1;0;1;1;1;0
wh2138;1;1;1;1;1;0
wh2139;1;0;1;1;1;0
wh2140;1;0;1;1;1;0
wh2141;1;1;1;1;1;0
wh2142;1;1;1;1;1;0
wh2143;1;0;1;1;1;0
wh2144;1;1;1;1;0;0
wh2145;1;1;1;1;1;1
wh2146;1;0;1;1;1;1
wh2147;1;0;1;1;1;1
wh2148;1;0;1;1;1;1
wh2149;1;0;1;1;1;1
wh2150;1;0;1;1;0;1
wh2151;1;0;1;1;0;1
wh2152;1;1;1;1;1;1
wh2153;1;1;1;1;1;1
wh2154;1;1;1;1;1;1
wh2155;1;1;1;1;1;1
wh2156;1;1;1;1;1;1
wh2157;1;1;1;1;1;1
wh2158;1;0;1;1;1;1
wh2159;0;1;1;1;1;1
wh2160;0;0;1;1;0;1
wh2161;0;0;0;0;0;1
wh2162;0;1;0;0;0;1
wh2163;0;1;0;1;0;1
wh2164;1;1;1;1;1;1
wh2165;1;1;1;1;1;0
wh2166;1;1;1;1;1;0
wh2167;1;1;1;1;1;1
wh2168;1;1;1;1;1;1
wh2169;1;1;1;1;1;1
wh2170;1;1;1;1;1;1
wh2171;1;1;1;1;1;1
wh2172;1;1;1;1;1;0
wh2173;1;1;1;1;1;1
wh2174;1;1;1;1;1;0
wh2175;1;1;1;1;1;1
wh2176;1;1;1;1;1;1
wh2177;1;1;1;1;1;1
wh2178;1;1;1;1;1;0
wh2179;1;1;1;1;1;1
wh2180;1;1;1;1;1;1
wh2181;1;1;1;1;1;1
wh2182;1;1;1;1;1;1
wh2183;1;1;1;1;1;1
wh2184;1;1;1;1;1;1
wh2185;1;0;1;1;1;1
wh2186;0;0;0;0;0;1
wh2187;0;0;0;0;0;1
wh2188;0;0;0;0;0;1
wh2189;0;0;1;1;1;1
wh2190;1;1;1;1;1;1
wh2191;1;1;1;1;1;0
wh2192;1;1;1;1;1;0
wh2193;1;1;1;1;1;0
wh2194;1;1;1;1;1;0
wh2195;1;0;1;1;1;1
wh2196;1;1;1;1;1;0
wh2197;1;1;1;1;0;0
wh2198;1;1;1;1;0;0
wh2199;1;1;1;1;1;0
wh2200;1;1;1;1;1;1
wh2201;1;1;1;1;1;0
wh2202;1;1;1;1;1;0
wh2203;1;1;1;1;1;0
wh2204;1;1;1;1;1;1
wh2205;1;1;1;1;1;0
wh2206;1;1;1;1;1;0
wh2207;1;1;1;1;1;0
wh2208;1;1;1;1;1;0
wh2209;1;0;1;1;1;0
wh2210;1;0;1;1;1;0
wh2211;1;1;1;1;1;1
wh2212;1;1;1;1;1;0
wh2213;1;1;1;1;0;0
wh2214;1;1;1;1;0;1
wh2215;1;1;1;1;1;1
wh2216;1;1;1;1;0;1
wh2217;1;1;1;1;1;1
wh2218;1;1;0;1;1;1
wh2219;1;1;1;1;0;1
wh2220;1;0;1;1;1;1
wh2221;1;0;1;1;0;1
wh2222;1;0;1;1;1;1
wh2223;0;0;1;1;1;1
wh2224;0;0;0;1;1;1
wh2225;0;0;0;0;0;1
wh2226;0;1;0;0;0;1
wh2227;0;1;0;1;0;1
wh2228;0;0;0;1;0;1
wh2229;0;0;0;1;0;1
wh2230;1;1;1;1;1;1
wh2231;1;1;1;1;1;0
wh2232;1;1;1;1;1;0
wh2233;1;1;1;1;1;1
wh2234;1;1;1;1;1;0
wh2235;1;1;1;1;1;0
wh2236;1;1;1;1;1;1
wh2237;1;1;1;1;0;1
wh2238;1;0;1;1;0;1
wh2239;1;1;1;1;1;1
wh2240;1;1;1;1;1;1
wh2241;1;1;1;1;1;1
wh2242;1;1;1;1;1;1
wh2243;1;1;1;1;1;1
wh2244;1;0;1;1;1;1
wh2245;1;1;1;1;1;1
wh2246;1;1;1;1;1;1
wh2247;1;1;1;1;1;1
wh2248;1;1;1;1;1;1
wh2249;1;1;1;1;1;1
wh2250;0;0;0;0;0;1
wh2251;0;0;0;0;0;1
wh2252;1;0;0;0;0;1
wh2253;1;0;1;1;1;1
wh2254;1;1;1;1;1;1
wh2255;1;1;1;1;1;0
wh2256;1;0;1;1;1;0
wh2257;1;1;1;1;1;0
wh2258;1;1;1;1;1;0
wh2259;1;1;1;1;0;0
wh2260;1;1;1;1;1;1
wh2261;1;1;1;1;1;0
wh2262;1;1;1;1;1;0
wh2263;1;1;1;1;1;0
wh2264;1;1;1;1;1;0
wh2265;1;1;1;1;1;0
wh2266;1;1;1;1;1;0
wh2267;1;1;1;1;1;0
wh2268;1;1;1;1;1;1
wh2269;1;1;1;1;1;1
wh2270;1;1;1;1;1;1
wh2271;1;1;1;1;1;1
wh2272;1;1;1;1;1;0
wh2273;1;1;1;1;1;0
wh2274;1;1;1;1;1;0
wh2275;1;1;1;1;1;0
wh2276;1;1;1;1;0;1
wh2277;1;0;1;1;1;1
wh2278;1;0;1;1;1;1
wh2279;1;0;1;1;1;1
wh2280;1;0;1;1;0;1
wh2281;1;0;0;1;0;1
wh2282;1;1;1;1;1;1
wh2283;1;1;1;1;1;1
wh2284;1;0;1;1;0;1
wh2285;0;0;1;1;0;1
wh2286;0;0;1;1;0;1
wh2287;0;0;1;1;1;1
wh2288;0;0;0;1;0;1
wh2289;0;0;0;1;0;1
wh2290;0;0;0;0;0;1
wh2291;0;1;0;1;0;1
wh2292;0;0;0;1;0;1
wh2293;0;0;0;1;1;1
wh2294;1;1;1;1;1;1
wh2295;1;1;1;1;1;1
wh2296;1;1;1;1;1;0
wh2297;1;1;1;1;0;0
wh2298;1;1;1;1;1;1
wh2299;1;1;1;1;1;1
wh2300;1;1;1;1;1;0
wh2301;1;1;1;1;1;1
wh2302;0;1;1;1;0;1
wh2303;0;0;0;1;0;1
wh2304;0;0;0;1;1;1
wh2305;1;1;1;1;1;1
wh2306;1;1;1;1;0;0
wh2307;1;0;1;1;0;1
wh2308;0;1;1;1;1;1
wh2309;0;1;1;1;1;1
wh2310;1;1;1;1;1;1
wh2311;0;1;1;1;1;1
wh2312;1;1;1;1;1;1
wh2313;1;1;1;1;1;1
wh2314;0;0;0;0;0;1
wh2315;0;0;0;0;0;1
wh2316;0;0;0;0;0;1
wh2317;0;0;0;0;0;1
wh2318;1;1;1;1;1;1
wh2319;1;1;1;1;1;0
wh2320;1;0;1;1;1;1
wh2321;1;1;1;1;1;1
wh2322;1;1;1;1;1;0
wh2323;1;0;1;1;1;1
wh2324;1;1;1;1;1;1
wh2325;1;1;1;1;0;1
wh2326;1;1;1;1;0;0
wh2327;1;1;1;1;0;0
wh2328;1;1;1;1;1;0
wh2329;1;1;1;1;0;0
wh2330;1;1;1;1;1;1
wh2331;1;1;1;1;1;1
wh2332;1;1;1;1;1;1
wh2333;1;1;1;1;1;1
wh2334;1;0;1;1;1;1
wh2335;1;0;1;1;1;1
wh2336;1;1;1;1;1;0
wh2337;1;1;1;1;0;0
wh2338;1;1;1;1;1;0
wh2339;1;1;1;1;1;0
wh2340;1;1;1;1;1;0
wh2341;1;1;0;1;0;1
wh2342;1;0;1;1;0;1
wh2343;1;0;1;1;0;1
wh2344;0;0;1;1;0;1
wh2345;0;0;0;1;0;1
wh2346;0;0;0;1;0;1
wh2347;0;1;1;1;1;1
wh2348;0;0;1;1;1;1
wh2349;0;0;1;1;0;1
wh2350;1;0;1;1;1;1
wh2351;0;0;1;1;0;1
wh2352;0;0;0;1;0;1
wh2353;0;0;0;0;0;1
wh2354;0;0;0;0;0;1
wh2355;0;0;0;0;0;1
wh2356;0;1;0;1;0;1
wh2357;0;0;0;1;0;1
wh2358;1;1;0;1;1;1
wh2359;1;1;1;1;1;1
wh2360;1;1;1;1;1;0
wh2361;1;1;1;1;0;1
wh2362;1;1;1;1;1;0
wh2363;1;1;1;1;1;0
wh2364;1;1;1;1;0;0
wh2365;1;1;1;1;1;0
wh2366;1;1;1;1;1;0
wh2367;1;1;1;1;1;1
wh2368;0;0;0;1;0;1
wh2369;1;1;0;1;1;1
wh2370;1;1;1;1;1;1
wh2371;1;1;1;1;1;1
wh2372;1;1;1;1;0;1
wh2373;1;1;1;1;1;1
wh2374;1;1;1;1;1;1
wh2375;1;1;1;1;1;1
wh2376;1;1;1;1;1;1
wh2377;0;0;0;1;1;1
wh2378;0;0;0;0;0;1
wh2379;0;0;0;0;0;1
wh2380;0;0;0;0;0;1
wh2381;0;0;0;1;1;1
wh2382;1;1;1;1;1;1
wh2383;1;1;1;1;1;1
wh2384;1;0;1;1;1;0
wh2385;1;1;1;1;1;1
wh2386;1;1;1;1;1;0
wh2387;1;1;1;1;1;0
wh2388;1;0;1;1;1;1
wh2389;1;1;1;1;1;1
wh2390;1;0;1;1;1;1
wh2391;1;1;1;1;1;1
wh2392;1;1;1;1;1;1
wh2393;1;1;1;1;1;1
wh2394;1;1;1;1;1;0
wh2395;1;1;1;1;1;1
wh2396;1;1;1;1;1;1
wh2397;1;0;1;1;1;1
wh2398;0;0;1;1;0;1
wh2399;0;0;0;0;0;1
wh2400;1;1;1;1;1;1
wh2401;1;1;1;1;1;1
wh2402;1;1;1;1;1;1
wh2403;1;1;1;1;1;0
wh2404;1;1;1;1;1;0
wh2405;1;1;1;1;1;0
wh2406;1;1;1;1;1;1
wh2407;1;1;0;1;1;1
wh2408;1;0;1;1;0;1
wh2409;1;0;1;1;1;1
wh2410;1;0;1;1;1;1
wh2411;1;0;1;1;1;1
wh2412;1;1;1;1;1;1
wh2413;0;0;1;1;1;1
wh2414;1;0;1;1;0;1
wh2415;1;1;1;1;0;1
wh2416;1;1;1;1;1;1
wh2417;0;0;1;1;0;1
wh2418;0;0;0;1;0;1
wh2419;0;0;0;1;1;1
wh2420;0;0;0;1;0;1
wh2421;0;1;0;1;0;1
wh2422;0;0;1;1;1;1
wh2423;1;1;1;1;1;1
wh2424;1;1;1;1;1;1
wh2425;1;1;1;1;1;0
wh2426;1;1;1;1;1;0
wh2427;1;1;1;1;1;0
wh2428;1;1;1;1;0;0
wh2429;1;1;1;1;0;0
wh2430;1;1;1;1;0;0
wh2431;1;1;1;1;1;0
wh2432;1;1;1;1;1;1
wh2433;0;0;0;1;1;1
wh2434;1;1;0;1;1;1
wh2435;0;0;0;1;0;1
wh2436;0;1;1;1;1;1
wh2437;0;1;1;1;1;1
wh2438;1;1;1;1;1;0
wh2439;1;1;1;1;1;1
wh2440;1;1;1;1;1;1
wh2441;0;1;1;1;1;1
wh2442;0;1;0;1;1;1
wh2443;0;0;0;0;0;1
wh2444;0;0;0;0;0;1
wh2445;0;0;0;0;0;1
wh2446;1;1;0;1;1;1
wh2447;1;1;1;1;1;1
wh2448;1;0;1;1;1;1
wh2449;1;0;1;1;1;1
wh2450;1;1;1;1;1;0
wh2451;1;0;1;1;1;0
wh2452;1;1;1;1;1;0
wh2453;1;0;1;1;1;0
wh2454;1;1;1;1;1;1
wh2455;1;0;1;1;0;1
wh2456;1;1;1;1;1;1
wh2457;1;0;1;1;1;1
wh2458;1;1;1;1;1;1
wh2459;1;1;1;1;1;1
wh2460;1;1;1;1;1;1
wh2461;1;1;1;1;1;1
wh2462;1;1;1;1;1;1
wh2463;1;1;1;1;1;1
wh2464;0;0;0;0;0;1
wh2465;0;0;0;0;0;1
wh2466;0;0;0;0;0;1
wh2467;1;1;1;1;0;1
wh2468;1;1;1;1;1;1
wh2469;1;0;1;1;1;1
wh2470;1;0;1;1;1;1
wh2471;1;0;1;1;1;1
wh2472;1;1;1;1;0;1
wh2473;1;0;0;1;0;1
wh2474;1;0;1;1;1;1
wh2475;1;0;1;1;1;1
wh2476;1;0;1;1;1;1
wh2477;1;1;1;1;1;1
wh2478;1;0;1;1;1;1
wh2479;1;1;1;1;1;1
wh2480;1;1;1;1;1;1
wh2481;1;1;1;1;0;1
wh2482;0;0;1;1;1;1
wh2483;0;0;0;1;0;1
wh2484;0;0;0;1;0;1
wh2485;0;0;0;0;0;1
wh2486;0;1;0;0;1;1
wh2487;0;0;1;1;1;1
wh2488;1;1;1;1;1;1
wh2489;1;1;1;1;1;1
wh2490;1;1;1;1;1;0
wh2491;1;1;1;1;1;0
wh2492;1;1;1;1;1;0
wh2493;1;1;1;1;0;0
wh2494;1;1;1;1;0;0
wh2495;1;1;1;1;0;0
wh2496;1;1;1;1;0;0
wh2497;1;1;1;1;0;0
wh2498;1;1;1;1;1;1
wh2499;1;1;1;1;1;1
wh2500;0;0;0;1;0;1
wh2501;0;0;1;1;1;1
wh2502;0;1;1;1;1;1
wh2503;1;1;1;1;1;1
wh2504;1;1;1;1;1;1
wh2505;1;1;1;1;1;1
wh2506;0;1;0;1;1;1
wh2507;0;1;0;0;0;1
wh2508;0;1;0;0;0;1
wh2509;0;1;0;0;0;1
wh2510;0;1;0;1;1;1
wh2511;1;1;1;1;1;1
wh2512;1;0;1;1;1;1
wh2513;1;0;1;1;1;1
wh2514;1;1;1;1;1;1
wh2515;1;1;1;1;1;0
wh2516;1;1;1;1;1;1
wh2517;1;1;1;1;1;0
wh2518;1;0;1;1;1;1
wh2519;1;1;1;1;0;1
wh2520;1;0;1;1;0;1
wh2521;1;1;1;1;1;1
wh2522;1;0;1;1;1;1
wh2523;1;0;1;1;1;1
wh2524;1;1;1;1;0;0
wh2525;1;1;1;1;1;0
wh2526;1;1;1;1;1;1
wh2527;1;0;1;1;1;1
wh2528;1;0;1;1;0;1
wh2529;0;0;0;0;0;1
wh2530;0;0;0;0;0;1
wh2531;0;0;0;0;0;1
wh2532;1;0;1;1;1;1
wh2533;1;1;1;1;1;1
wh2534;0;0;0;1;0;1
wh2535;0;0;0;0;0;1
wh2536;0;0;1;1;1;1
wh2537;1;1;0;1;1;1
wh2538;1;0;0;1;1;1
wh2539;1;0;0;1;0;1
wh2540;1;0;1;1;0;1
wh2541;1;0;1;1;0;1
wh2542;1;1;1;1;1;1
wh2543;1;1;1;1;1;1
wh2544;1;1;1;1;1;1
wh2545;0;0;1;1;0;1
wh2546;0;0;1;1;0;1
wh2547;0;0;1;1;0;1
wh2548;0;0;0;1;0;1
wh2549;0;0;0;0;0;1
wh2550;1;0;1;1;1;1
wh2551;1;1;1;1;1;1
wh2552;1;1;1;1;1;1
wh2553;1;0;1;1;1;1
wh2554;1;1;1;1;1;1
wh2555;1;1;1;1;1;0
wh2556;1;1;1;1;1;0
wh2557;1;1;1;1;1;0
wh2558;1;1;1;1;0;0
wh2559;1;1;1;1;1;0
wh2560;1;1;1;1;0;0
wh2561;1;1;1;1;0;0
wh2562;1;1;1;1;1;0
wh2563;1;1;1;1;1;0
wh2564;1;1;1;1;1;1
wh2565;0;1;1;1;1;1
wh2566;0;0;1;1;1;1
wh2567;0;0;1;1;1;1
wh2568;1;0;1;1;1;1
wh2569;1;1;1;1;1;1
wh2570;1;1;1;1;1;1
wh2571;0;0;0;0;0;1
wh2572;0;0;0;0;0;1
wh2573;0;0;0;0;0;1
wh2574;1;1;0;0;1;1
wh2575;1;1;1;1;1;1
wh2576;1;0;1;1;1;1
wh2577;1;0;1;1;1;1
wh2578;1;0;1;1;1;1
wh2579;1;1;1;1;1;0
wh2580;1;0;1;1;1;0
wh2581;1;0;1;1;1;1
wh2582;1;1;1;1;1;1
wh2583;1;0;1;1;1;1
wh2584;1;1;1;1;0;0
wh2585;1;0;1;1;0;0
wh2586;1;1;1;1;1;1
wh2587;1;1;1;1;1;1
wh2588;1;1;1;1;1;0
wh2589;1;1;1;1;1;0
wh2590;1;1;1;1;1;0
wh2591;1;1;1;1;1;1
wh2592;1;0;1;1;1;1
wh2593;1;0;1;1;1;1
wh2594;1;0;1;1;1;1
wh2595;0;0;1;1;0;1
wh2596;0;0;1;1;0;1
wh2597;0;0;1;1;1;1
wh2598;1;0;1;1;1;1
wh2599;1;0;1;1;0;1
wh2600;1;0;1;1;1;1
wh2601;1;1;1;1;1;0
wh2602;1;1;0;1;1;1
wh2603;1;0;0;1;1;1
wh2604;1;0;0;1;0;1
wh2605;1;0;0;1;0;1
wh2606;1;0;1;1;0;1
wh2607;1;1;1;1;0;1
wh2608;1;0;1;1;1;1
wh2609;0;0;0;1;0;1
wh2610;0;0;0;1;1;1
wh2611;0;0;0;0;0;1
wh2612;0;0;0;1;0;1
wh2613;0;0;0;1;0;1
wh2614;0;0;0;1;0;1
wh2615;1;0;1;1;1;1
wh2616;1;0;1;1;1;0
wh2617;1;1;1;1;1;0
wh2618;1;1;1;1;1;0
wh2619;1;1;1;1;1;0
wh2620;1;1;1;1;1;1
wh2621;1;1;1;1;0;1
wh2622;1;1;1;1;0;0
wh2623;1;1;1;1;1;1
wh2624;1;1;1;1;0;1
wh2625;1;1;1;1;0;0
wh2626;1;1;1;1;1;0
wh2627;1;1;1;1;1;0
wh2628;1;1;1;1;1;0
wh2629;1;1;1;1;1;1
wh2630;1;1;1;1;1;0
wh2631;1;1;1;1;1;1
wh2632;1;1;1;1;1;1
wh2633;1;1;1;1;1;1
wh2634;1;1;1;1;1;1
wh2635;0;1;0;1;0;1
wh2636;0;0;0;0;0;1
wh2637;0;0;0;0;0;1
wh2638;0;0;0;0;0;1
wh2639;1;1;1;1;1;1
wh2640;1;1;1;1;1;1
wh2641;1;1;1;1;1;1
wh2642;1;1;1;1;1;1
wh2643;1;1;1;1;1;1
wh2644;1;1;1;1;1;1
wh2645;1;1;1;1;1;1
wh2646;1;1;1;1;1;1
wh2647;1;1;1;1;1;1
wh2648;1;1;1;1;1;1
wh2649;1;1;1;1;1;0
wh2650;1;0;1;1;1;1
wh2651;1;1;1;1;1;1
wh2652;1;0;1;1;1;0
wh2653;1;1;1;1;0;1
wh2654;1;0;1;1;1;1
wh2655;1;1;1;1;1;1
wh2656;1;1;1;1;1;1
wh2657;1;1;1;1;1;0
wh2658;1;0;1;1;1;0
wh2659;1;0;1;1;1;1
wh2660;1;0;1;1;1;0
wh2661;1;0;1;1;1;1
wh2662;0;0;1;1;0;1
wh2663;1;0;1;1;1;1
wh2664;1;0;1;1;1;0
wh2665;1;0;1;1;1;0
wh2666;1;1;1;1;1;0
wh2667;0;1;0;1;1;1
wh2668;1;0;0;1;0;1
wh2669;1;0;0;1;1;1
wh2670;1;0;0;1;1;1
wh2671;1;0;0;1;1;1
wh2672;1;1;1;1;1;1
wh2673;0;1;0;1;1;1
wh2674;0;1;0;1;1;1
wh2675;0;1;0;1;1;1
wh2676;0;1;0;1;1;1
wh2677;1;1;0;1;1;1
wh2678;1;1;1;1;1;1
wh2679;1;1;1;1;1;1
wh2680;1;0;1;1;1;1
wh2681;1;0;1;1;0;0
wh2682;1;1;1;1;1;0
wh2683;1;1;1;1;1;1
wh2684;1;1;1;1;1;0
wh2685;1;1;1;1;0;1
wh2686;1;1;1;1;1;0
wh2687;1;1;1;1;1;1
wh2688;1;1;1;1;1;1
wh2689;1;1;1;1;1;1
wh2690;1;1;1;1;1;0
wh2691;1;1;1;1;1;0
wh2692;1;1;1;1;1;0
wh2693;1;1;1;1;1;1
wh2694;1;1;1;1;1;1
wh2695;1;1;1;1;1;1
wh2696;1;1;1;1;1;1
wh2697;1;1;1;1;1;1
wh2698;1;1;1;1;1;1
wh2699;1;1;1;1;0;1
wh2700;0;0;0;0;0;1
wh2701;0;0;0;0;0;1
wh2702;0;0;0;0;0;1
wh2703;0;1;0;1;0;1
wh2704;1;1;1;1;1;1
wh2705;1;0;1;1;0;0
wh2706;1;1;1;1;1;1
wh2707;1;1;1;1;1;1
wh2708;1;1;1;1;1;1
wh2709;1;1;1;1;1;0
wh2710;1;1;1;1;1;1
wh2711;1;1;1;1;1;1
wh2712;1;1;1;1;1;1
wh2713;1;1;1;1;1;1
wh2714;1;1;1;1;1;1
wh2715;1;1;1;1;1;0
wh2716;1;1;1;1;1;1
wh2717;1;1;1;1;1;0
wh2718;1;1;1;1;0;0
wh2719;1;0;1;1;1;1
wh2720;1;1;1;1;1;1
wh2721;1;1;1;1;1;1
wh2722;1;1;1;1;1;1
wh2723;1;1;1;1;1;1
wh2724;1;0;1;1;1;1
wh2725;1;0;1;1;0;1
wh2726;1;0;1;1;1;1
wh2727;1;0;1;1;1;1
wh2728;1;0;1;1;1;1
wh2729;1;0;1;1;0;1
wh2730;1;0;1;1;1;1
wh2731;1;1;1;1;1;0
wh2732;0;1;0;1;1;1
wh2733;1;1;0;1;1;1
wh2734;1;0;0;1;0;1
wh2735;1;0;1;1;1;1
wh2736;1;0;1;1;1;1
wh2737;1;1;1;1;1;1
wh2738;1;1;1;1;1;1
wh2739;1;1;1;1;1;1
wh2740;1;1;1;1;1;1
wh2741;1;1;1;1;1;1
wh2742;1;1;1;1;1;1
wh2743;1;1;1;1;1;0
wh2744;1;1;1;1;1;1
wh2745;1;1;1;1;1;1
wh2746;1;1;1;1;1;0
wh2747;1;1;1;1;1;0
wh2748;1;1;1;1;1;0
wh2749;1;1;1;1;1;0
wh2750;1;1;1;1;0;0
wh2751;1;1;1;1;1;1
wh2752;1;1;1;1;1;1
wh2753;1;0;1;1;1;1
wh2754;1;0;1;1;1;1
wh2755;1;1;1;1;1;0
wh2756;1;1;1;1;1;1
wh2757;1;0;1;1;0;1
wh2758;0;1;0;1;1;1
wh2759;1;1;1;1;1;1
wh2760;1;0;1;1;1;1
wh2761;1;1;1;1;1;1
wh2762;1;1;1;1;1;1
wh2763;1;1;1;1;1;1
wh2764;0;0;0;0;0;1
wh2765;0;0;0;0;0;1
wh2766;0;0;0;0;0;1
wh2767;0;0;0;0;0;1
wh2768;1;1;1;1;1;1
wh2769;1;1;1;1;1;0
wh2770;1;1;1;1;1;1
wh2771;1;0;1;1;1;1
wh2772;1;1;1;1;1;1
wh2773;0;1;1;1;1;1
wh2774;1;1;1;1;1;1
wh2775;0;1;0;1;1;1
wh2776;0;0;0;1;1;1
wh2777;1;1;1;1;1;1
wh2778;1;0;1;1;1;1
wh2779;1;1;1;1;1;1
wh2780;1;1;1;1;1;1
wh2781;1;1;1;1;1;1
wh2782;1;1;1;1;1;1
wh2783;1;1;1;1;1;0
wh2784;1;1;1;1;1;1
wh2785;0;1;1;1;1;1
wh2786;0;0;1;1;0;1
wh2787;1;0;1;1;1;1
wh2788;1;0;1;1;1;1
wh2789;1;0;1;1;1;1
wh2790;1;0;1;1;1;1
wh2791;1;0;1;1;1;1
wh2792;1;1;1;1;1;1
wh2793;1;1;1;1;1;1
wh2794;1;1;1;1;1;0
wh2795;1;1;1;1;1;0
wh2796;0;1;1;1;1;1
wh2797;0;0;0;1;1;1
wh2798;0;1;0;1;1;1
wh2799;1;0;1;1;1;1
wh2800;1;0;1;1;0;1
wh2801;1;0;1;1;1;0
wh2802;1;0;1;1;1;1
wh2803;1;1;1;1;1;1
wh2804;1;1;1;1;1;1
wh2805;1;1;1;1;1;0
wh2806;1;1;1;1;1;1
wh2807;1;1;1;1;1;1
wh2808;1;1;1;1;1;0
wh2809;1;1;1;1;0;0
wh2810;1;1;1;1;1;0
wh2811;1;1;1;1;1;1
wh2812;1;1;1;1;1;1
wh2813;1;1;1;1;1;1
wh2814;1;1;1;1;1;1
wh2815;1;1;1;1;1;1
wh2816;1;0;1;1;1;1
wh2817;0;0;1;1;0;1
wh2818;0;0;1;1;1;1
wh2819;1;0;1;1;1;1
wh2820;1;1;1;1;1;1
wh2821;1;1;1;1;1;1
wh2822;1;1;1;1;1;1
wh2823;1;1;1;1;1;1
wh2824;1;1;1;1;1;1
wh2825;1;1;1;1;1;1
wh2826;1;1;1;1;1;1
wh2827;1;1;1;1;1;1
wh2828;0;0;0;0;0;1
wh2829;0;0;0;0;0;1
wh2830;0;0;0;0;0;1
wh2831;0;0;0;0;0;1
wh2832;1;1;1;1;1;1
wh2833;1;1;1;1;1;1
wh2834;1;1;1;1;1;1
wh2835;1;1;1;1;1;1
wh2836;1;1;1;1;1;1
wh2837;1;0;1;1;1;0
wh2838;1;1;1;1;1;1
wh2839;1;0;1;1;1;1
wh2840;1;1;1;1;1;1
wh2841;1;1;0;1;1;1
wh2842;1;1;1;1;1;1
wh2843;1;0;1;1;1;1
wh2844;1;1;1;1;1;1
wh2845;1;1;1;1;1;1
wh2846;0;1;1;1;1;1
wh2847;1;1;1;1;1;1
wh2848;1;1;1;1;1;1
wh2849;1;1;1;1;1;1
wh2850;1;1;1;1;1;1
wh2851;1;1;1;1;1;1
wh2852;1;1;1;1;1;1
wh2853;1;1;1;1;1;1
wh2854;1;1;1;1;1;1
wh2855;1;1;1;1;1;1
wh2856;1;1;1;1;1;1
wh2857;1;1;1;1;1;0
wh2858;1;1;1;1;1;0
wh2859;1;1;1;1;0;0
wh2860;1;1;1;1;1;0
wh2861;1;1;1;1;1;0
wh2862;1;1;1;1;1;1
wh2863;1;1;1;1;1;1
wh2864;1;1;1;1;1;1
wh2865;1;1;1;1;1;0
wh2866;1;0;1;1;0;0
wh2867;1;0;1;1;0;0
wh2868;1;1;1;1;1;0
wh2869;1;1;1;1;1;0
wh2870;1;1;1;1;1;0
wh2871;1;1;1;1;1;1
wh2872;1;1;1;1;1;0
wh2873;1;1;1;1;1;0
wh2874;1;1;1;1;0;0
wh2875;1;1;1;1;0;0
wh2876;1;1;1;1;1;0
wh2877;1;0;1;1;1;1
wh2878;1;0;1;1;1;1
wh2879;1;1;1;1;1;1
wh2880;1;1;1;1;1;1
wh2881;1;1;1;1;1;1
wh2882;0;1;1;1;1;1
wh2883;0;0;1;1;1;1
wh2884;0;0;1;1;1;1
wh2885;1;1;1;1;1;1
wh2886;1;1;1;1;1;1
wh2887;1;1;1;1;1;1
wh2888;1;1;1;1;1;1
wh2889;1;1;1;1;1;1
wh2890;1;1;1;1;1;1
wh2891;1;1;1;1;1;1
wh2892;0;0;0;0;0;1
wh2893;0;0;0;0;0;1
wh2894;0;0;0;0;0;1
wh2895;0;0;0;0;0;1
wh2896;0;0;0;1;1;1
wh2897;1;1;1;1;1;1
wh2898;1;1;1;1;1;1
wh2899;1;1;1;1;1;1
wh2900;1;1;1;1;1;1
wh2901;1;0;1;1;1;0
wh2902;1;1;1;1;1;1
wh2903;1;1;1;1;1;1
wh2904;1;0;1;1;1;1
wh2905;0;0;1;1;1;1
wh2906;1;1;1;1;1;1
wh2907;1;1;1;1;1;1
wh2908;1;1;1;1;1;1
wh2909;1;1;1;1;1;1
wh2910;1;1;1;1;1;1
wh2911;1;1;1;1;1;1
wh2912;1;1;1;1;1;1
wh2913;1;1;1;1;1;1
wh2914;1;1;1;1;1;1
wh2915;1;1;1;1;1;1
wh2916;1;1;1;1;1;1
wh2917;1;1;1;1;1;1
wh2918;1;1;1;1;1;1
wh2919;1;1;1;1;1;1
wh2920;1;1;1;1;1;1
wh2921;1;1;1;1;1;1
wh2922;1;1;1;1;1;0
wh2923;1;1;1;1;1;0
wh2924;1;1;1;1;1;0
wh2925;1;1;1;1;1;0
wh2926;1;1;1;1;1;1
wh2927;1;0;1;1;1;0
wh2928;1;1;1;1;1;0
wh2929;1;1;1;1;0;1
wh2930;1;1;1;1;1;1
wh2931;1;1;1;1;1;1
wh2932;1;1;1;1;0;0
wh2933;1;1;1;1;1;0
wh2934;1;1;1;1;1;0
wh2935;0;1;1;1;1;0
wh2936;1;1;1;1;1;0
wh2937;1;1;1;1;1;0
wh2938;1;1;1;1;1;0
wh2939;1;1;1;1;1;0
wh2940;1;1;1;1;1;0
wh2941;1;1;1;1;0;0
wh2942;1;1;1;1;1;1
wh2943;1;0;1;1;1;1
wh2944;0;0;1;1;1;1
wh2945;1;1;1;1;1;1
wh2946;1;1;1;1;1;1
wh2947;1;1;1;1;1;1
wh2948;1;1;1;1;1;1
wh2949;1;1;1;1;1;1
wh2950;0;1;1;1;1;1
wh2951;0;1;1;1;1;1
wh2952;1;1;1;1;1;1
wh2953;1;1;1;1;1;1
wh2954;0;1;0;1;1;1
wh2955;0;1;1;1;1;1
wh2956;0;0;0;0;0;1
wh2957;0;0;0;0;0;1
wh2958;0;0;0;0;0;1
wh2959;0;0;0;1;0;1
wh2960;0;0;0;1;1;1
wh2961;1;0;1;1;1;1
wh2962;1;1;1;1;1;1
wh2963;1;1;1;1;1;1
wh2964;1;1;1;1;1;1
wh2965;0;0;0;1;1;1
wh2966;1;0;1;1;1;1
wh2967;1;1;1;1;1;1
wh2968;1;1;1;1;1;1
wh2969;0;0;0;1;0;1
wh2970;0;0;0;1;0;1
wh2971;1;1;1;1;1;1
wh2972;1;0;1;1;1;1
wh2973;1;1;1;1;1;1
wh2974;1;1;1;1;1;1
wh2975;1;1;1;1;1;1
wh2976;1;1;1;1;1;1
wh2977;1;1;1;1;1;1
wh2978;1;1;1;1;1;1
wh2979;0;0;1;1;1;1
wh2980;1;0;1;1;1;1
wh2981;1;0;0;1;1;1
wh2982;1;0;1;1;1;1
wh2983;1;0;1;1;1;1
wh2984;1;0;0;1;1;1
wh2985;1;0;1;1;1;1
wh2986;0;1;1;1;1;1
wh2987;1;1;1;1;1;0
wh2988;1;1;1;1;1;1
wh2989;1;1;1;1;1;0
wh2990;1;1;1;1;1;0
wh2991;1;1;1;1;1;1
wh2992;1;1;1;1;1;1
wh2993;1;1;1;1;1;1
wh2994;1;1;1;1;1;0
wh2995;1;1;1;1;1;1
wh2996;1;0;1;1;1;0
wh2997;1;1;1;1;0;0
wh2998;1;1;1;1;1;0
wh2999;1;1;1;1;1;0
wh3000;1;1;1;1;1;0
wh3001;1;1;1;1;1;0
wh3002;1;1;1;1;1;0
wh3003;0;0;1;1;1;0
wh3004;1;1;1;1;1;1
wh3005;1;1;1;1;0;1
wh3006;1;1;1;1;1;1
wh3007;1;1;1;1;1;1
wh3008;0;0;1;1;0;1
wh3009;0;0;1;1;1;1
wh3010;1;1;1;1;1;1
wh3011;1;1;1;1;1;1
wh3012;1;1;1;1;1;1
wh3013;1;1;1;1;1;1
wh3014;0;0;0;0;0;1
wh3015;0;0;0;0;0;1
wh3016;0;1;0;0;1;1
wh3017;0;1;0;0;0;1
wh3018;0;0;0;0;0;1
wh3019;0;0;0;0;0;1
wh3020;0;0;0;0;0;1
wh3021;0;0;0;0;0;1
wh3022;0;0;0;0;0;1
wh3023;0;0;0;1;1;1
wh3024;0;0;0;1;1;1
wh3025;0;0;1;1;1;1
wh3026;1;1;1;1;1;1
wh3027;1;1;1;1;1;1
wh3028;1;1;1;1;1;1
wh3029;1;0;1;1;1;1
wh3030;0;1;0;1;1;1
wh3031;1;1;1;1;1;1
wh3032;1;1;1;1;1;1
wh3033;1;1;1;1;0;1
wh3034;0;1;0;1;0;1
wh3035;0;0;0;0;0;1
wh3036;0;0;0;1;0;1
wh3037;0;0;1;1;1;1
wh3038;0;1;1;1;1;1
wh3039;1;1;1;1;1;1
wh3040;1;1;1;1;1;1
wh3041;1;1;1;1;1;1
wh3042;1;1;1;1;1;1
wh3043;1;0;1;1;1;1
wh3044;0;0;1;1;1;1
wh3045;1;0;1;1;1;1
wh3046;1;0;1;1;0;1
wh3047;1;0;1;1;1;1
wh3048;1;0;0;1;0;1
wh3049;1;0;0;1;1;1
wh3050;1;0;0;1;1;1
wh3051;0;0;0;1;1;1
wh3052;1;0;1;1;0;1
wh3053;1;1;1;1;1;1
wh3054;1;1;1;1;1;1
wh3055;1;1;1;1;1;1
wh3056;1;1;1;1;1;0
wh3057;1;1;1;1;0;0
wh3058;1;1;1;1;0;1
wh3059;1;1;1;1;1;1
wh3060;1;1;1;1;1;1
wh3061;1;1;1;1;1;1
wh3062;1;1;1;1;1;0
wh3063;1;1;1;1;1;0
wh3064;1;1;1;1;1;1
wh3065;1;0;1;1;1;1
wh3066;0;0;1;1;1;1
wh3067;0;1;0;1;1;1
wh3068;0;1;0;1;1;1
wh3069;0;1;0;1;1;1
wh3070;1;1;1;1;1;1
wh3071;0;0;0;1;1;1
wh3072;0;1;0;1;1;1
wh3073;0;1;1;1;1;1
wh3074;1;1;1;1;1;1
wh3075;1;1;1;1;1;1
wh3076;0;0;1;1;0;1
wh3077;0;1;0;0;1;1
wh3078;0;1;0;1;1;1
wh3079;0;0;0;0;0;1
wh3080;0;1;0;0;1;1
wh3081;0;1;0;0;0;1
wh3082;0;0;0;0;0;1
wh3083;0;1;0;0;0;1
wh3084;0;0;0;0;0;1
wh3085;0;0;0;0;0;1
wh3086;0;0;0;1;1;1
wh3087;0;0;1;1;1;1
wh3088;0;0;1;1;1;1
wh3089;0;0;1;1;1;1
wh3090;0;1;1;1;1;1
wh3091;1;1;1;1;1;1
wh3092;1;1;1;1;1;1
wh3093;1;0;0;1;1;1
wh3094;0;0;0;0;0;1
wh3095;0;1;1;1;1;1
wh3096;1;1;1;1;1;1
wh3097;1;1;1;1;1;1
wh3098;1;1;1;1;0;1
wh3099;1;1;1;1;1;1
wh3100;0;0;0;0;0;1
wh3101;0;0;0;1;0;1
wh3102;1;0;1;1;1;1
wh3103;1;1;1;1;1;1
wh3104;1;1;1;1;1;1
wh3105;1;1;1;1;1;1
wh3106;1;1;1;1;1;1
wh3107;1;1;1;1;1;1
wh3108;1;0;1;1;1;1
wh3109;0;0;0;0;0;1
wh3110;0;0;0;0;0;1
wh3111;0;0;0;0;0;1
wh3112;1;0;0;0;0;1
wh3113;0;0;0;0;0;1
wh3114;0;0;0;0;0;1
wh3115;0;0;0;1;0;1
wh3116;0;0;0;1;1;1
wh3117;0;0;0;1;0;1
wh3118;1;0;1;1;0;1
wh3119;1;1;1;1;1;1
wh3120;1;1;1;1;1;1
wh3121;1;1;1;1;1;0
wh3122;1;1;1;1;1;0
wh3123;1;1;1;1;1;1
wh3124;1;1;1;1;1;1
wh3125;1;1;1;1;1;1
wh3126;1;0;1;1;1;0
wh3127;1;0;1;1;1;1
wh3128;1;0;1;1;1;1
wh3129;1;1;1;1;1;1
wh3130;0;1;1;1;1;1
wh3131;0;1;1;1;1;1
wh3132;0;1;1;1;1;1
wh3133;0;0;0;1;1;1
wh3134;0;0;0;1;1;1
wh3135;0;0;0;1;1;1
wh3136;0;0;0;1;1;1
wh3137;0;1;1;1;1;1
wh3138;1;1;1;1;1;1
wh3139;1;1;1;1;1;1
wh3140;0;0;1;1;1;1
wh3141;1;0;1;1;0;1
wh3142;0;0;0;1;0;1
wh3143;0;1;0;1;1;1
wh3144;0;1;0;1;1;1
wh3145;0;1;0;1;1;1
wh3146;0;1;0;1;0;1
wh3147;0;1;0;1;0;1
wh3148;0;0;1;0;0;1
wh3149;0;0;0;0;0;1
wh3150;0;0;0;1;0;1
wh3151;1;0;1;1;1;1
wh3152;1;0;1;1;1;1
wh3153;0;0;0;1;1;1
wh3154;1;0;0;1;1;1
wh3155;0;1;1;1;1;1
wh3156;1;1;1;1;1;1
wh3157;1;1;1;1;1;1
wh3158;0;0;0;1;0;1
wh3159;0;0;0;1;0;1
wh3160;1;1;1;1;1;1
wh3161;1;1;1;1;1;1
wh3162;1;0;1;1;0;1
wh3163;1;1;1;1;0;1
wh3164;1;1;1;1;0;1
wh3165;0;0;0;0;0;1
wh3166;0;0;0;0;0;1
wh3167;1;1;1;1;1;1
wh3168;1;1;1;1;1;1
wh3169;1;1;1;1;1;1
wh3170;1;1;1;1;1;1
wh3171;1;0;1;1;1;1
wh3172;1;1;1;1;1;1
wh3173;1;0;1;1;1;1
wh3174;1;0;1;1;1;1
wh3175;0;0;0;0;0;1
wh3176;0;0;0;0;0;1
wh3177;0;0;0;0;0;1
wh3178;0;0;0;0;0;1
wh3179;1;0;0;0;0;1
wh3180;0;0;0;0;0;1
wh3181;1;0;1;1;1;1
wh3182;1;0;1;1;0;1
wh3183;1;1;1;1;1;1
wh3184;1;1;1;1;0;1
wh3185;1;1;1;1;1;1
wh3186;1;1;1;1;1;1
wh3187;1;0;1;1;0;0
wh3188;1;1;1;1;1;0
wh3189;1;1;1;1;1;1
wh3190;1;1;1;1;1;1
wh3191;1;1;1;1;1;1
wh3192;1;0;1;1;1;1
wh3193;0;1;0;1;1;1
wh3194;0;1;1;1;1;1
wh3195;0;1;1;1;1;1
wh3196;0;1;0;1;1;1
wh3197;0;1;0;1;1;1
wh3198;1;0;0;1;1;1
wh3199;1;0;0;1;1;1
wh3200;0;0;0;1;1;1
wh3201;0;0;0;1;0;1
wh3202;1;1;1;1;1;1
wh3203;1;1;0;1;1;1
wh3204;0;0;1;1;1;1
wh3205;1;0;1;1;1;1
wh3206;1;0;1;1;1;1
wh3207;0;0;1;1;1;1
wh3208;1;1;1;1;1;1
wh3209;1;1;1;1;1;1
wh3210;0;0;1;1;1;1
wh3211;0;1;1;1;1;1
wh3212;0;1;1;1;0;1
wh3213;0;0;0;1;0;1
wh3214;0;0;0;0;0;1
wh3215;1;0;1;1;1;1
wh3216;1;0;1;1;1;1
wh3217;1;0;1;1;1;1
wh3218;0;0;0;1;1;1
wh3219;0;1;1;1;1;1
wh3220;1;1;1;1;1;1
wh3221;1;0;1;1;1;1
wh3222;0;0;0;1;1;1
wh3223;0;0;0;1;0;1
wh3224;0;0;0;1;0;1
wh3225;1;1;1;1;1;1
wh3226;1;1;1;1;1;1
wh3227;1;1;1;1;1;1
wh3228;1;1;1;1;1;1
wh3229;0;0;0;0;0;1
wh3230;0;0;0;0;0;1
wh3231;1;0;1;1;0;1
wh3232;1;0;1;1;1;1
wh3233;1;1;1;1;1;1
wh3234;1;1;1;1;1;1
wh3235;1;1;1;1;1;1
wh3236;0;0;1;1;1;1
wh3237;1;1;1;1;1;1
wh3238;1;0;1;1;1;1
wh3239;1;0;1;1;1;1
wh3240;1;0;0;1;1;1
wh3241;0;0;0;1;1;1
wh3242;0;0;0;0;0;1
wh3243;0;0;0;1;0;1
wh3244;0;0;0;1;0;1
wh3245;0;0;0;0;0;1
wh3246;1;0;1;1;0;1
wh3247;1;0;0;1;0;1
wh3248;1;0;1;1;1;1
wh3249;1;1;1;1;1;1
wh3250;1;1;1;1;1;1
wh3251;1;1;1;1;1;1
wh3252;1;0;1;1;0;0
wh3253;1;0;1;1;0;1
wh3254;1;0;1;1;1;0
wh3255;1;1;1;1;1;1
wh3256;1;1;1;1;1;1
wh3257;1;1;1;1;1;1
wh3258;0;1;0;1;1;1
wh3259;0;1;1;1;0;1
wh3260;0;1;1;1;0;1
wh3261;1;1;1;1;1;1
wh3262;0;1;1;1;1;1
wh3263;0;1;1;1;1;1
wh3264;0;1;1;1;1;0
wh3265;0;1;0;1;1;1
wh3266;0;1;0;1;1;1
wh3267;0;1;1;1;1;1
wh3268;0;0;0;1;1;1
wh3269;0;1;0;1;0;1
wh3270;0;0;1;1;1;1
wh3271;0;0;1;1;1;1
wh3272;0;0;0;1;1;1
wh3273;0;1;1;1;1;1
wh3274;0;0;0;1;1;1
wh3275;0;0;0;1;0;1
wh3276;0;0;1;1;1;1
wh3277;0;0;0;1;0;1
wh3278;0;0;0;0;0;1
wh3279;1;0;0;1;1;1
wh3280;1;1;1;1;1;1
wh3281;1;1;1;1;1;1
wh3282;0;0;1;1;1;1
wh3283;0;1;0;1;1;1
wh3284;1;1;1;1;1;1
wh3285;1;0;1;1;1;1
wh3286;0;0;1;1;1;1
wh3287;0;0;1;1;1;1
wh3288;1;0;1;1;0;1
wh3289;1;1;1;1;1;1
wh3290;1;1;1;1;1;1
wh3291;1;1;1;1;1;0
wh3292;1;1;1;1;1;1
wh3293;1;1;1;1;1;1
wh3294;0;0;0;0;0;1
wh3295;0;0;0;1;0;1
wh3296;1;0;0;1;0;1
wh3297;1;0;1;1;1;1
wh3298;1;1;1;1;1;1
wh3299;1;1;0;1;1;1
wh3300;1;1;1;1;1;1
wh3301;1;0;1;1;1;1
wh3302;1;1;1;1;1;1
wh3303;1;0;1;1;1;1
wh3304;0;0;0;1;0;1
wh3305;0;0;0;1;0;1
wh3306;0;0;0;0;0;1
wh3307;0;0;0;0;0;1
wh3308;0;0;0;0;0;1
wh3309;0;0;0;1;0;1
wh3310;0;0;0;1;0;1
wh3311;0;0;0;1;0;1
wh3312;0;0;0;0;0;1
wh3313;0;1;0;1;1;1
wh3314;0;1;0;1;1;1
wh3315;0;0;0;1;1;1
wh3316;1;1;1;1;1;1
wh3317;1;1;1;1;1;1
wh3318;1;1;1;1;1;0
wh3319;1;0;1;1;1;0
wh3320;1;1;1;1;1;1
wh3321;1;1;1;1;1;1
wh3322;1;1;1;1;0;1
wh3323;1;1;1;1;1;1
wh3324;0;0;1;1;1;1
wh3325;0;0;1;1;0;1
wh3326;0;1;1;1;1;1
wh3327;0;1;1;1;1;1
wh3328;0;1;0;1;1;1
wh3329;0;1;0;1;0;1
wh3330;0;0;0;1;0;1
wh3331;0;0;0;1;1;1
wh3332;1;1;0;1;1;1
wh3333;0;0;1;1;0;1
wh3334;0;1;0;1;0;1
wh3335;0;0;0;1;1;1
wh3336;0;0;0;1;1;1
wh3337;1;1;0;1;1;1
wh3338;1;1;1;1;1;1
wh3339;0;0;0;1;1;1
wh3340;0;0;1;1;1;1
wh3341;0;0;1;1;1;1
wh3342;0;0;0;0;0;1
wh3343;0;0;0;0;0;1
wh3344;1;1;1;1;1;1
wh3345;1;1;1;1;1;1
wh3346;1;0;1;1;1;1
wh3347;1;0;0;1;1;1
wh3348;0;1;0;1;1;1
wh3349;0;0;1;1;1;1
wh3350;0;1;1;1;1;1
wh3351;0;0;0;1;1;1
wh3352;0;0;1;1;1;1
wh3353;1;1;1;1;1;1
wh3354;1;1;1;1;1;1
wh3355;1;1;1;1;1;1
wh3356;1;1;1;1;1;1
wh3357;1;0;1;1;1;1
wh3358;0;0;1;1;1;1
wh3359;0;0;0;0;0;1
wh3360;0;0;0;1;0;1
wh3361;1;0;0;1;1;1
wh3362;1;1;1;1;1;1
wh3363;1;1;1;1;1;1
wh3364;1;1;1;1;1;1
wh3365;1;1;1;1;1;1
wh3366;1;0;1;1;1;1
wh3367;1;1;1;1;1;1
wh3368;0;0;1;1;1;1
wh3369;0;0;0;0;0;1
wh3370;0;0;0;0;0;1
wh3371;0;0;0;0;0;1
wh3372;0;0;0;0;0;1
wh3373;0;0;0;0;0;1
wh3374;0;0;0;0;0;1
wh3375;0;0;0;0;0;1
wh3376;0;0;0;0;0;1
wh3377;1;0;1;1;0;1
wh3378;1;1;1;1;1;1
wh3379;0;0;0;1;1;1
wh3380;0;0;0;1;1;1
wh3381;1;0;0;1;1;1
wh3382;1;0;0;1;1;1
wh3383;1;1;1;1;1;1
wh3384;1;0;1;1;1;1
wh3385;1;1;1;1;1;1
wh3386;1;1;1;1;1;0
wh3387;1;1;1;1;0;1
wh3388;1;1;1;1;1;1
wh3389;1;1;1;1;1;0
wh3390;0;1;1;1;1;1
wh3391;1;1;1;1;1;1
wh3392;0;1;1;1;1;1
wh3393;0;1;0;1;1;1
wh3394;0;1;1;1;1;1
wh3395;0;0;1;1;0;1
wh3396;0;0;0;1;1;1
wh3397;0;1;0;1;1;1
wh3398;0;0;0;1;1;1
wh3399;0;1;0;1;0;1
wh3400;0;0;0;1;0;1
wh3401;0;0;0;1;1;1
wh3402;1;1;1;1;1;1
wh3403;0;0;1;1;1;1
wh3404;0;0;1;1;1;1
wh3405;0;0;1;1;1;1
wh3406;0;0;0;0;0;1
wh3407;0;0;0;0;0;1
wh3408;0;0;0;0;0;1
wh3409;0;0;1;1;1;1
wh3410;1;0;1;1;0;1
wh3411;1;0;1;1;1;1
wh3412;0;0;1;1;1;1
wh3413;1;1;1;1;1;1
wh3414;1;0;1;1;1;1
wh3415;0;1;0;1;0;1
wh3416;0;0;0;1;0;1
wh3417;0;0;0;1;0;1
wh3418;1;0;0;1;0;1
wh3419;0;1;0;1;1;1
wh3420;1;1;1;1;1;1
wh3421;1;1;1;1;1;1
wh3422;1;0;1;1;1;1
wh3423;0;0;0;1;1;1
wh3424;0;0;0;1;1;1
wh3425;0;0;0;1;1;1
wh3426;0;0;0;1;0;1
wh3427;1;1;1;1;1;1
wh3428;0;0;1;1;1;1
wh3429;1;0;1;1;1;1
wh3430;1;1;1;1;1;0
wh3431;1;1;1;1;0;0
wh3432;1;1;1;1;1;0
wh3433;0;1;1;1;1;1
wh3434;0;0;1;1;1;1
wh3435;0;0;0;0;0;1
wh3436;0;0;0;0;0;1
wh3437;0;0;0;0;0;1
wh3438;0;0;0;1;0;1
wh3439;0;0;0;0;0;1
wh3440;0;0;0;1;1;1
wh3441;0;0;1;1;1;1
wh3442;1;1;1;1;1;1
wh3443;1;1;1;1;1;1
wh3444;0;0;0;0;0;1
wh3445;0;0;0;0;0;1
wh3446;1;0;0;1;1;1
wh3447;1;1;1;1;1;1
wh3448;1;1;1;1;1;1
wh3449;1;1;1;1;1;1
wh3450;1;1;1;1;1;1
wh3451;1;1;1;1;1;1
wh3452;1;1;1;1;1;1
wh3453;1;1;1;1;1;1
wh3454;1;1;1;1;1;1
wh3455;1;1;1;1;1;1
wh3456;0;0;1;1;1;1
wh3457;0;0;1;1;1;1
wh3458;0;1;1;1;0;1
wh3459;0;1;1;1;1;1
wh3460;0;0;0;1;0;1
wh3461;0;0;0;1;1;1
wh3462;0;1;0;1;1;1
wh3463;0;1;0;1;0;1
wh3464;0;1;0;1;1;1
wh3465;0;1;0;1;1;1
wh3466;0;1;1;1;1;1
wh3467;1;1;1;1;1;1
wh3468;1;1;1;1;1;1
wh3469;1;0;1;1;1;1
wh3470;0;0;1;1;1;1
wh3471;0;0;0;0;0;1
wh3472;0;0;0;0;0;1
wh3473;0;0;0;1;1;1
wh3474;1;0;1;1;1;1
wh3475;1;0;0;1;1;1
wh3476;1;0;0;1;1;1
wh3477;1;0;0;1;1;1
wh3478;0;1;1;1;1;1
wh3479;1;1;1;1;1;1
wh3480;1;0;1;1;1;1
wh3481;0;0;0;1;1;1
wh3482;0;0;0;1;1;1
wh3483;1;0;0;1;1;1
wh3484;1;0;1;1;0;1
wh3485;1;1;1;1;1;1
wh3486;1;1;1;1;1;1
wh3487;1;0;1;1;1;1
wh3488;1;0;0;1;1;1
wh3489;1;0;0;1;1;1
wh3490;0;1;0;1;1;1
wh3491;1;1;0;1;0;1
wh3492;0;1;0;1;1;1
wh3493;1;0;1;1;1;1
wh3494;1;0;1;1;1;1
wh3495;1;1;1;1;1;1
wh3496;1;0;1;1;0;0
wh3497;1;1;1;1;1;1
wh3498;1;1;1;1;1;1
wh3499;1;1;1;1;1;1
wh3500;0;0;1;1;1;1
wh3501;0;1;1;1;1;1
wh3502;0;0;0;1;0;1
wh3503;0;0;0;0;0;1
wh3504;0;0;0;0;0;1
wh3505;1;1;1;1;1;1
wh3506;1;1;1;1;1;1
wh3507;1;1;1;1;1;1
wh3508;1;0;1;1;1;1
wh3509;0;0;0;0;0;1
wh3510;0;0;0;0;0;1
wh3511;0;1;0;1;1;1
wh3512;1;0;1;1;1;0
wh3513;1;1;1;1;1;1
wh3514;1;1;1;1;1;1
wh3515;1;1;1;1;1;1
wh3516;1;1;1;1;1;1
wh3517;1;1;1;1;1;1
wh3518;1;1;1;1;1;1
wh3519;1;1;1;1;1;1
wh3520;0;1;1;1;1;1
wh3521;0;0;1;1;1;1
wh3522;0;0;1;1;1;1
wh3523;0;0;1;1;1;1
wh3524;0;0;0;1;0;1
wh3525;0;0;0;1;1;1
wh3526;0;1;0;1;1;1
wh3527;0;1;0;1;1;1
wh3528;0;1;0;1;1;1
wh3529;0;1;0;1;1;1
wh3530;0;0;1;1;0;1
wh3531;1;1;1;1;1;1
wh3532;1;1;1;1;1;1
wh3533;1;1;1;1;1;1
wh3534;1;0;1;1;1;1
wh3535;0;0;0;0;0;1
wh3536;0;0;0;0;0;1
wh3537;0;0;0;0;0;1
wh3538;0;0;1;1;1;1
wh3539;1;0;1;1;1;1
wh3540;1;0;0;1;1;1
wh3541;1;0;0;1;1;1
wh3542;1;0;0;1;1;1
wh3543;1;0;1;1;1;1
wh3544;1;0;1;1;1;1
wh3545;1;0;1;1;1;1
wh3546;0;0;1;1;1;1
wh3547;0;0;1;1;1;1
wh3548;1;0;1;1;1;1
wh3549;1;0;1;1;1;1
wh3550;1;1;1;1;1;1
wh3551;1;1;1;1;1;1
wh3552;1;1;1;1;1;1
wh3553;1;1;1;1;1;1
wh3554;1;1;0;1;1;1
wh3555;1;1;0;1;1;1
wh3556;1;1;1;1;1;1
wh3557;1;1;1;1;1;1
wh3558;1;1;1;1;1;1
wh3559;1;0;1;1;1;1
wh3560;1;1;1;1;1;1
wh3561;1;1;1;1;1;0
wh3562;1;1;1;1;1;1
wh3563;1;0;1;1;1;1
wh3564;1;1;1;1;1;1
wh3565;1;1;1;1;1;1
wh3566;0;0;1;1;1;1
wh3567;0;0;0;0;0;1
wh3568;0;0;0;0;0;1
wh3569;0;0;0;0;0;1
wh3570;1;1;1;1;1;1
wh3571;1;0;1;1;1;1
wh3572;1;1;1;1;1;1
wh3573;1;0;1;1;1;1
wh3574;1;0;1;1;1;1
wh3575;0;0;0;1;0;1
wh3576;1;1;1;1;1;1
wh3577;1;1;1;1;1;1
wh3578;1;1;1;1;1;1
wh3579;1;1;0;1;1;1
wh3580;1;1;1;1;1;1
wh3581;1;1;1;1;1;0
wh3582;1;1;1;1;1;1
wh3583;1;0;1;1;1;1
wh3584;1;1;1;1;1;1
wh3585;0;1;1;1;1;1
wh3586;0;0;1;1;0;1
wh3587;0;0;0;1;1;1
wh3588;0;0;0;1;1;1
wh3589;0;0;0;1;0;1
wh3590;0;1;0;1;1;1
wh3591;1;1;1;1;1;1
wh3592;0;0;0;1;1;1
wh3593;0;0;0;1;1;1
wh3594;0;0;0;1;0;1
wh3595;0;1;0;1;0;1
wh3596;1;1;1;1;1;1
wh3597;1;1;1;1;1;1
wh3598;1;1;1;1;1;1
wh3599;0;0;1;1;0;1
wh3600;0;0;0;0;0;1
wh3601;0;0;0;0;0;1
wh3602;0;0;0;1;0;1
wh3603;0;0;1;1;1;1
wh3604;1;0;0;1;0;1
wh3605;0;0;0;1;0;1
wh3606;1;0;0;1;1;1
wh3607;1;1;0;1;1;1
wh3608;0;1;0;1;1;1
wh3609;1;0;1;1;1;1
wh3610;1;0;1;1;1;1
wh3611;0;0;0;1;0;1
wh3612;0;0;0;1;0;1
wh3613;0;0;0;1;1;1
wh3614;1;1;1;1;1;1
wh3615;1;1;1;1;1;1
wh3616;1;1;1;1;1;0
wh3617;1;1;1;1;1;1
wh3618;1;1;1;1;1;1
wh3619;1;1;0;1;1;1
wh3620;1;1;1;1;1;1
wh3621;1;1;1;1;1;1
wh3622;1;1;1;1;1;1
wh3623;1;1;1;1;1;1
wh3624;1;1;1;1;1;1
wh3625;1;1;1;1;1;1
wh3626;1;0;1;1;1;0
wh3627;1;1;1;1;1;0
wh3628;1;0;1;1;1;1
wh3629;1;1;1;1;1;1
wh3630;1;0;1;1;1;1
wh3631;1;1;1;1;1;1
wh3632;0;0;0;1;0;1
wh3633;0;0;0;1;0;1
wh3634;1;0;1;1;1;1
wh3635;1;0;1;1;1;1
wh3636;1;1;1;1;1;0
wh3637;1;1;1;1;1;0
wh3638;1;0;1;1;1;0
wh3639;1;0;1;1;1;1
wh3640;0;0;0;0;0;1
wh3641;0;0;0;1;1;1
wh3642;1;1;1;1;1;1
wh3643;1;1;1;1;1;1
wh3644;1;1;1;1;1;1
wh3645;1;1;1;1;1;1
wh3646;1;1;1;1;1;0
wh3647;1;1;1;1;1;1
wh3648;1;1;1;1;1;1
wh3649;1;0;1;1;1;1
wh3650;1;1;1;1;1;1
wh3651;0;1;0;1;1;1
wh3652;0;0;0;1;0;1
wh3653;0;0;0;1;0;1
wh3654;0;0;0;1;1;1
wh3655;0;1;0;1;1;1
wh3656;0;1;1;1;1;1
wh3657;0;0;0;1;1;1
wh3658;0;0;0;1;1;1
wh3659;0;0;0;1;1;1
wh3660;0;1;1;1;1;1
wh3661;1;1;1;1;1;1
wh3662;0;1;0;1;0;1
wh3663;1;0;1;1;1;1
wh3664;0;0;0;0;0;1
wh3665;0;0;0;0;0;1
wh3666;0;0;0;0;0;1
wh3667;0;0;1;1;1;1
wh3668;0;1;1;1;1;1
wh3669;0;0;0;1;0;1
wh3670;0;0;0;1;1;1
wh3671;1;1;0;1;1;1
wh3672;0;1;0;1;1;1
wh3673;0;0;0;1;1;1
wh3674;1;0;0;1;1;1
wh3675;1;0;1;1;1;1
wh3676;0;0;1;1;0;1
wh3677;0;0;0;1;1;1
wh3678;1;0;1;1;1;1
wh3679;1;1;1;1;1;1
wh3680;1;1;1;1;1;1
wh3681;1;1;1;1;1;1
wh3682;1;1;1;1;1;1
wh3683;1;1;1;1;1;0
wh3684;1;1;0;1;1;1
wh3685;1;1;1;1;1;1
wh3686;1;1;1;1;1;1
wh3687;1;1;1;1;1;1
wh3688;1;1;1;1;1;1
wh3689;1;1;1;1;1;1
wh3690;1;1;1;1;1;1
wh3691;1;1;1;1;1;0
wh3692;1;1;1;1;1;0
wh3693;1;1;1;1;1;1
wh3694;1;1;1;1;1;1
wh3695;1;0;1;1;1;1
wh3696;0;0;0;0;0;1
wh3697;0;0;0;0;0;1
wh3698;0;0;0;0;0;1
wh3699;1;0;1;1;0;1
wh3700;1;1;1;1;1;1
wh3701;1;1;1;1;0;0
wh3702;1;1;1;1;1;0
wh3703;1;0;1;1;1;1
wh3704;0;0;1;1;1;1
wh3705;0;0;0;0;0;1
wh3706;0;0;0;1;1;1
wh3707;0;0;0;1;1;1
wh3708;1;1;1;1;1;1
wh3709;1;1;1;1;1;1
wh3710;0;1;1;1;1;1
wh3711;1;1;1;1;1;1
wh3712;1;1;1;1;0;1
wh3713;0;1;1;1;0;1
wh3714;1;1;1;1;1;1
wh3715;0;0;0;1;1;1
wh3716;0;1;0;1;0;1
wh3717;0;1;0;1;1;1
wh3718;0;0;0;1;1;1
wh3719;0;1;0;1;1;1
wh3720;0;1;0;1;1;1
wh3721;0;0;0;1;1;1
wh3722;0;0;0;1;1;1
wh3723;0;1;0;1;1;1
wh3724;0;1;1;1;1;1
wh3725;0;1;1;1;1;1
wh3726;1;1;1;1;1;1
wh3727;1;0;1;1;1;1
wh3728;0;0;1;1;1;1
wh3729;0;0;0;0;0;1
wh3730;0;0;0;0;0;1
wh3731;0;0;0;1;0;1
wh3732;0;1;1;1;1;1
wh3733;0;1;0;1;1;1
wh3734;0;1;0;1;1;1
wh3735;1;1;0;1;1;1
wh3736;1;1;0;1;1;1
wh3737;0;1;0;1;1;1
wh3738;0;0;0;1;1;1
wh3739;1;1;1;1;1;1
wh3740;1;0;1;1;1;1
wh3741;0;0;1;1;1;1
wh3742;1;0;1;1;1;1
wh3743;1;0;0;1;0;1
wh3744;1;1;1;1;0;1
wh3745;1;1;1;1;1;1
wh3746;1;1;1;1;1;1
wh3747;1;1;1;1;1;1
wh3748;1;1;1;1;1;1
wh3749;1;1;1;1;1;1
wh3750;1;1;1;1;1;1
wh3751;1;1;1;1;1;0
wh3752;1;1;1;1;1;0
wh3753;1;1;1;1;1;1
wh3754;1;0;1;1;0;1
wh3755;1;1;1;1;1;1
wh3756;1;1;0;1;1;1
wh3757;1;1;0;1;1;1
wh3758;0;1;0;1;1;1
wh3759;0;1;1;1;0;1
wh3760;0;0;0;1;0;1
wh3761;0;0;0;0;0;1
wh3762;0;0;0;0;0;1
wh3763;0;0;1;1;1;1
wh3764;1;0;1;1;1;1
wh3765;1;1;1;1;1;1
wh3766;1;1;1;1;1;1
wh3767;1;1;1;1;0;0
wh3768;1;0;1;1;1;1
wh3769;0;0;0;1;1;1
wh3770;0;0;0;0;0;1
wh3771;0;0;0;1;1;1
wh3772;0;1;0;1;1;1
wh3773;0;1;0;1;1;1
wh3774;0;0;0;1;0;1
wh3775;0;1;0;1;1;1
wh3776;0;1;1;1;1;1
wh3777;0;0;0;1;1;1
wh3778;0;0;0;1;0;1
wh3779;0;1;1;1;1;1
wh3780;0;1;0;1;1;1
wh3781;0;0;0;1;1;1
wh3782;0;1;0;1;1;1
wh3783;0;1;0;1;0;1
wh3784;1;1;1;1;1;1
wh3785;1;0;1;1;1;1
wh3786;0;0;0;1;0;1
wh3787;0;0;0;1;1;1
wh3788;0;1;1;1;1;1
wh3789;0;1;1;1;1;1
wh3790;1;1;1;1;1;1
wh3791;1;1;1;1;1;1
wh3792;1;0;1;1;0;1
wh3793;0;0;0;0;0;1
wh3794;0;0;0;0;0;1
wh3795;0;0;0;1;1;1
wh3796;0;1;1;1;1;1
wh3797;1;1;1;1;1;1
wh3798;1;1;1;1;1;1
wh3799;1;1;1;1;1;1
wh3800;1;1;1;1;1;1
wh3801;1;1;0;1;1;1
wh3802;0;0;0;1;0;1
wh3803;0;0;1;1;0;1
wh3804;1;0;1;1;0;1
wh3805;1;0;1;1;1;1
wh3806;1;0;1;1;1;1
wh3807;0;0;0;1;1;1
wh3808;1;1;0;1;1;1
wh3809;1;1;1;1;1;1
wh3810;1;1;1;1;1;1
wh3811;1;1;1;1;1;1
wh3812;1;1;1;1;1;1
wh3813;1;1;1;1;1;0
wh3814;1;1;1;1;1;1
wh3815;1;1;1;1;1;1
wh3816;1;1;1;1;0;1
wh3817;1;1;1;1;1;1
wh3818;1;1;0;1;1;1
wh3819;1;0;1;1;1;1
wh3820;1;1;1;1;1;1
wh3821;1;0;1;1;1;1
wh3822;1;1;1;1;1;1
wh3823;1;1;1;1;1;1
wh3824;1;1;0;1;1;1
wh3825;0;1;0;1;1;1
wh3826;0;1;0;1;1;1
wh3827;0;0;0;0;0;1
wh3828;1;0;1;1;1;1
wh3829;1;1;1;1;1;1
wh3830;0;1;0;1;1;1
wh3831;1;1;1;1;1;1
wh3832;1;1;1;1;1;0
wh3833;1;0;1;1;1;1
wh3834;0;0;1;1;1;1
wh3835;0;0;1;1;1;1
wh3836;0;0;0;0;0;1
wh3837;0;0;0;1;0;1
wh3838;0;0;0;1;1;1
wh3839;0;0;0;1;1;1
wh3840;0;1;0;1;1;1
wh3841;1;1;1;1;1;1
wh3842;0;1;0;1;1;1
wh3843;0;0;0;1;1;1
wh3844;0;0;1;1;1;1
wh3845;0;1;0;1;0;1
wh3846;0;0;0;1;1;1
wh3847;1;1;1;1;0;1
wh3848;0;1;1;1;1;1
wh3849;1;1;1;1;0;1
wh3850;0;1;0;1;0;1
wh3851;0;0;1;1;0;1
wh3852;0;1;1;1;1;1
wh3853;0;1;1;1;1;1
wh3854;1;1;1;1;1;1
wh3855;1;1;1;1;1;1
wh3856;1;0;1;1;1;1
wh3857;0;0;0;0;0;1
wh3858;0;0;0;0;0;1
wh3859;0;0;0;1;0;1
wh3860;0;1;1;1;1;1
wh3861;0;1;1;1;1;1
wh3862;1;0;1;1;0;1
wh3863;1;1;1;1;1;0
wh3864;1;1;1;1;1;1
wh3865;1;1;1;1;1;1
wh3866;1;0;1;1;1;1
wh3867;0;0;0;1;0;1
wh3868;0;0;0;1;0;1
wh3869;1;0;1;1;1;1
wh3870;1;0;1;1;1;1
wh3871;1;0;1;1;1;1
wh3872;1;0;0;1;1;1
wh3873;1;1;1;1;1;1
wh3874;1;0;1;1;0;1
wh3875;1;0;0;1;0;1
wh3876;1;1;1;1;1;1
wh3877;1;1;1;1;1;1
wh3878;1;1;1;1;1;1
wh3879;0;1;1;1;1;1
wh3880;1;1;1;1;1;1
wh3881;1;1;1;1;1;1
wh3882;1;1;1;1;1;0
wh3883;1;1;1;1;1;1
wh3884;1;0;1;1;1;1
wh3885;1;1;1;1;1;1
wh3886;1;1;1;1;1;1
wh3887;1;1;1;1;1;1
wh3888;1;1;1;1;1;1
wh3889;0;0;1;1;1;1
wh3890;0;1;1;1;1;1
wh3891;0;1;0;1;1;1
wh3892;1;1;1;1;1;1
wh3893;1;1;1;1;0;1
wh3894;1;1;1;1;0;1
wh3895;0;1;1;1;1;1
wh3896;1;1;1;1;1;1
wh3897;1;1;1;1;1;0
wh3898;1;0;1;1;1;1
wh3899;1;0;1;1;1;1
wh3900;0;0;1;1;1;1
wh3901;0;0;0;0;0;1
wh3902;0;0;0;0;0;1
wh3903;0;0;0;1;0;1
wh3904;0;1;0;1;0;1
wh3905;0;0;1;1;1;1
wh3906;1;1;1;1;1;1
wh3907;0;1;0;1;1;1
wh3908;0;1;1;1;1;1
wh3909;0;1;1;1;1;1
wh3910;0;0;0;1;1;1
wh3911;0;0;0;1;0;1
wh3912;0;1;1;1;1;1
wh3913;1;1;1;1;1;1
wh3914;1;1;1;1;1;1
wh3915;0;1;1;1;1;1
wh3916;0;1;0;1;1;1
wh3917;1;1;1;1;1;1
wh3918;1;1;1;1;1;1
wh3919;0;1;1;1;1;1
wh3920;0;0;1;1;1;1
wh3921;0;0;1;1;0;1
wh3922;0;0;0;0;0;1
wh3923;0;0;0;1;0;1
wh3924;0;1;1;1;1;1
wh3925;1;1;1;1;1;1
wh3926;1;1;1;1;1;1
wh3927;1;1;1;1;1;1
wh3928;1;1;1;1;1;0
wh3929;1;1;1;1;1;1
wh3930;1;1;1;1;1;1
wh3931;1;0;1;1;1;1
wh3932;1;0;0;1;0;1
wh3933;0;0;0;1;0;1
wh3934;0;1;1;1;1;1
wh3935;1;1;1;1;1;1
wh3936;1;0;1;1;1;1
wh3937;1;1;1;1;1;1
wh3938;1;1;1;1;1;1
wh3939;1;0;1;1;1;1
wh3940;1;1;1;1;1;1
wh3941;1;1;1;1;1;1
wh3942;1;1;1;1;1;1
wh3943;1;1;0;1;1;1
wh3944;0;1;0;1;1;1
wh3945;1;1;0;1;1;1
wh3946;0;1;1;1;1;1
wh3947;1;1;1;1;1;1
wh3948;1;1;0;1;1;1
wh3949;1;1;1;1;1;1
wh3950;1;1;0;1;1;1
wh3951;1;0;0;1;1;1
wh3952;0;1;1;1;1;1
wh3953;0;1;0;1;1;1
wh3954;1;1;1;1;1;1
wh3955;1;1;1;1;1;1
wh3956;1;1;1;1;1;1
wh3957;1;1;1;1;1;1
wh3958;1;1;1;1;1;1
wh3959;1;1;1;1;0;1
wh3960;1;0;1;1;1;1
wh3961;1;1;1;1;1;1
wh3962;1;1;1;1;1;1
wh3963;1;0;1;1;1;1
wh3964;1;0;1;1;1;1
wh3965;1;0;1;1;1;1
wh3966;0;0;1;1;0;1
wh3967;0;0;1;1;0;1
wh3968;0;0;1;1;0;1
wh3969;0;0;1;1;0;1
wh3970;0;0;0;1;0;1
wh3971;0;0;0;1;0;1
wh3972;0;0;0;1;0;1
wh3973;0;0;1;1;0;1
wh3974;1;1;0;1;1;1
wh3975;0;1;0;1;1;1
wh3976;0;1;1;1;1;1
wh3977;1;0;1;1;1;1
wh3978;1;1;1;1;1;1
wh3979;1;1;1;1;1;1
wh3980;0;1;0;1;1;1
wh3981;1;1;1;1;1;1
wh3982;1;1;1;1;1;1
wh3983;1;1;1;1;1;1
wh3984;0;0;1;1;1;1
wh3985;0;0;1;1;1;1
wh3986;0;1;0;0;0;1
wh3987;0;0;1;1;1;1
wh3988;1;1;1;1;1;1
wh3989;1;1;1;1;1;1
wh3990;1;1;1;1;0;0
wh3991;1;1;1;1;0;0
wh3992;1;1;1;1;0;0
wh3993;1;1;1;1;1;0
wh3994;1;1;1;1;1;1
wh3995;0;1;1;1;0;1
wh3996;1;0;1;1;1;1
wh3997;1;0;1;1;0;1
wh3998;0;1;1;1;1;1
wh3999;1;0;0;1;1;1
wh4000;1;1;1;1;1;1
wh4001;0;1;1;1;1;1
wh4002;0;1;1;1;1;1
wh4003;1;1;1;1;1;0
wh4004;1;1;1;1;1;1
wh4005;1;1;1;1;1;0
wh4006;1;1;1;1;1;0
wh4007;1;0;1;1;1;1
wh4008;1;0;1;1;1;1
wh4009;0;0;0;1;1;1
wh4010;0;1;0;1;1;1
wh4011;0;0;0;1;1;1
wh4012;1;1;0;1;1;1
wh4013;1;1;0;1;1;1
wh4014;1;1;1;1;1;1
wh4015;1;1;1;1;1;1
wh4016;0;1;0;1;1;1
wh4017;0;0;1;1;1;1
wh4018;1;1;1;1;1;1
wh4019;1;1;1;1;1;1
wh4020;1;1;1;1;1;1
wh4021;1;1;1;1;1;1
wh4022;1;1;1;1;1;1
wh4023;1;1;1;1;1;0
wh4024;1;1;1;1;1;1
wh4025;1;1;1;1;1;1
wh4026;1;1;1;1;1;1
wh4027;1;1;1;1;1;0
wh4028;1;1;1;1;1;0
wh4029;1;1;1;1;1;0
wh4030;1;1;1;1;1;1
wh4031;0;0;1;1;1;1
wh4032;0;0;0;1;1;1
wh4033;0;1;0;1;1;1
wh4034;0;0;0;1;0;1
wh4035;0;0;0;1;1;1
wh4036;0;0;1;1;0;1
wh4037;0;0;1;1;0;1
wh4038;0;0;1;1;1;1
wh4039;0;0;0;1;1;1
wh4040;0;0;0;1;0;1
wh4041;1;1;1;1;1;1
wh4042;1;1;1;1;1;1
wh4043;1;1;1;1;1;1
wh4044;1;1;1;1;1;1
wh4045;1;1;1;1;1;1
wh4046;1;0;1;1;1;1
wh4047;1;0;1;1;1;1
wh4048;0;1;1;1;0;1
wh4049;0;1;1;1;1;1
wh4050;0;0;0;1;0;1
wh4051;0;1;0;1;1;1
wh4052;1;1;1;1;1;1
wh4053;1;1;1;1;1;1
wh4054;1;1;0;1;1;1
wh4055;1;1;1;1;1;1
wh4056;1;1;1;1;1;0
wh4057;1;1;1;1;1;0
wh4058;1;1;1;1;1;1
wh4059;0;1;1;1;1;1
wh4060;1;1;1;1;1;1
wh4061;1;1;0;1;1;1
wh4062;1;0;0;1;0;1
wh4063;1;0;0;1;1;1
wh4064;1;1;1;1;1;1
wh4065;1;1;1;1;0;1
wh4066;1;0;1;1;1;1
wh4067;1;1;1;1;1;1
wh4068;1;0;1;1;1;1
wh4069;1;0;1;1;1;1
wh4070;1;1;1;1;1;0
wh4071;1;1;1;1;1;1
wh4072;1;1;1;1;1;1
wh4073;1;1;1;1;1;1
wh4074;0;1;0;1;1;1
wh4075;0;1;1;1;1;1
wh4076;1;1;1;1;1;1
wh4077;1;1;1;1;1;1
wh4078;1;1;0;1;1;1
wh4079;0;1;0;1;1;1
wh4080;1;1;0;1;1;1
wh4081;1;1;1;1;1;1
wh4082;1;1;1;1;1;1
wh4083;1;1;1;1;1;1
wh4084;1;1;1;1;1;1
wh4085;1;1;1;1;1;1
wh4086;1;1;1;1;1;1
wh4087;1;1;1;1;1;1
wh4088;1;1;1;1;1;1
wh4089;1;1;1;1;1;1
wh4090;1;1;1;1;1;1
wh4091;1;1;1;1;1;1
wh4092;1;1;1;1;1;1
wh4093;1;1;1;1;1;1
wh4094;1;1;1;1;1;1
wh4095;1;1;1;1;1;1
wh4096;0;0;0;1;1;1
wh4097;0;0;0;1;1;1
wh4098;0;0;0;1;1;1
wh4099;0;0;0;1;0;1
wh4100;0;0;0;1;0;1
wh4101;0;0;0;1;0;1
wh4102;0;1;1;1;1;1
wh4103;0;0;0;1;0;1
wh4104;0;0;0;1;0;1
wh4105;0;0;0;1;0;1
wh4106;0;0;0;1;1;1
wh4107;1;1;0;1;1;1
wh4108;1;1;0;1;1;1
wh4109;0;1;1;1;1;1
wh4110;1;0;1;1;1;1
wh4111;1;0;1;1;1;1
wh4112;1;0;1;1;1;1
wh4113;0;1;1;1;1;1
wh4114;0;1;0;1;0;1
wh4115;0;1;0;1;1;1
wh4116;1;1;1;1;1;1
wh4117;1;1;1;1;1;1
wh4118;1;1;1;1;1;1
wh4119;0;1;0;1;1;1
wh4120;0;1;0;1;1;1
wh4121;1;1;1;1;1;1
wh4122;1;1;1;1;1;1
wh4123;1;1;0;1;1;1
wh4124;1;1;1;1;1;1
wh4125;1;1;1;1;1;1
wh4126;1;1;1;1;1;1
wh4127;1;1;1;1;1;1
wh4128;0;1;0;1;1;1
wh4129;1;1;0;1;1;1
wh4130;1;0;1;1;0;1
wh4131;1;0;1;1;0;1
wh4132;1;1;1;1;1;1
wh4133;1;0;1;1;1;1
wh4134;0;0;1;1;1;0
wh4135;1;0;1;1;1;1
wh4136;1;1;1;1;1;1
wh4137;1;0;1;1;1;1
wh4138;0;0;0;1;1;1
wh4139;1;0;1;1;1;1
wh4140;1;1;1;1;1;1
wh4141;1;0;0;1;1;1
wh4142;0;1;0;1;1;1
wh4143;1;1;1;1;1;1
wh4144;1;1;1;1;1;1
wh4145;1;1;1;1;1;1
wh4146;1;1;1;1;1;1
wh4147;1;1;1;1;1;0
wh4148;1;1;1;1;1;1
wh4149;1;1;1;1;1;1
wh4150;1;1;1;1;1;1
wh4151;1;1;1;1;1;1
wh4152;1;1;1;1;1;1
wh4153;1;1;1;1;1;1
wh4154;1;1;1;1;1;1
wh4155;1;1;1;1;1;1
wh4156;1;0;1;1;1;1
wh4157;1;1;1;1;1;1
wh4158;1;0;1;1;1;1
wh4159;1;0;1;1;1;1
wh4160;1;0;1;1;1;1
wh4161;0;0;0;1;1;1
wh4162;0;0;0;1;1;1
wh4163;0;0;0;1;1;1
wh4164;0;0;0;1;1;1
wh4165;0;0;0;1;0;1
wh4166;0;0;0;1;0;1
wh4167;0;1;0;1;1;1
wh4168;0;0;0;1;0;1
wh4169;0;0;0;1;1;1
wh4170;0;0;1;1;0;1
wh4171;1;1;0;1;1;1
wh4172;1;1;1;1;1;1
wh4173;1;1;1;1;1;1
wh4174;0;0;1;1;1;1
wh4175;0;0;1;1;0;1
wh4176;1;0;1;1;0;1
wh4177;1;0;1;1;1;1
wh4178;0;1;1;1;0;1
wh4179;0;0;1;1;0;1
wh4180;1;1;1;1;1;1
wh4181;1;1;1;1;1;1
wh4182;1;1;1;1;1;1
wh4183;1;1;1;1;1;1
wh4184;0;1;0;1;1;1
wh4185;0;1;0;1;1;1
wh4186;0;1;0;1;1;1
wh4187;1;1;0;1;1;1
wh4188;0;0;0;1;1;1
wh4189;1;1;0;1;1;1
wh4190;1;1;1;1;1;1
wh4191;1;1;1;1;1;1
wh4192;1;0;1;1;1;1
wh4193;1;0;1;1;1;1
wh4194;1;0;1;1;0;1
wh4195;1;0;1;1;1;1
wh4196;1;1;0;1;0;1
wh4197;1;1;1;1;1;1
wh4198;1;0;1;1;1;1
wh4199;1;0;1;1;1;1
wh4200;1;0;1;1;1;1
wh4201;1;1;1;1;1;1
wh4202;1;0;1;1;1;1
wh4203;0;0;0;1;1;1
wh4204;1;0;0;1;0;1
wh4205;1;0;0;1;0;0
wh4206;0;0;0;1;0;1
wh4207;0;0;0;1;1;1
wh4208;1;0;1;1;1;1
wh4209;1;0;1;1;1;1
wh4210;1;0;1;1;1;1
wh4211;1;1;1;1;1;1
wh4212;1;1;1;1;1;0
wh4213;1;1;1;1;1;0
wh4214;1;1;1;1;1;0
wh4215;1;1;1;1;1;1
wh4216;1;1;1;1;1;0
wh4217;1;1;1;1;1;1
wh4218;1;1;1;1;1;0
wh4219;1;0;1;1;1;1
wh4220;1;0;1;1;1;1
wh4221;1;0;1;1;1;1
wh4222;1;1;1;1;1;1
wh4223;1;0;1;1;1;1
wh4224;1;0;1;1;1;1
wh4225;1;0;1;1;1;1
wh4226;0;0;1;1;1;1
wh4227;0;1;0;1;1;1
wh4228;0;0;1;1;1;1
wh4229;0;0;1;1;1;1
wh4230;0;0;0;1;1;1
wh4231;0;0;0;1;1;1
wh4232;0;0;0;1;1;1
wh4233;0;0;1;1;0;1
wh4234;1;0;1;1;1;1
wh4235;1;1;1;1;0;1
wh4236;1;1;1;1;1;1
wh4237;1;1;1;1;1;1
wh4238;1;0;1;1;1;1
wh4239;0;0;1;1;1;1
wh4240;0;0;0;1;1;1
wh4241;1;0;1;1;1;1
wh4242;1;0;1;1;0;1
wh4243;0;0;0;0;0;1
wh4244;1;1;1;1;1;1
wh4245;1;1;1;1;1;1
wh4246;1;1;0;1;1;1
wh4247;0;1;0;1;1;1
wh4248;1;1;0;1;1;1
wh4249;1;1;1;1;1;1
wh4250;1;1;1;1;1;1
wh4251;0;1;1;1;1;1
wh4252;0;0;1;1;1;1
wh4253;0;0;0;1;0;1
wh4254;1;0;1;1;0;1
wh4255;1;1;1;1;1;1
wh4256;0;0;1;1;1;1
wh4257;1;0;0;1;1;1
wh4258;0;0;1;1;1;1
wh4259;1;0;0;1;1;1
wh4260;1;0;1;1;1;1
wh4261;1;1;1;1;1;1
wh4262;0;0;1;1;1;1
wh4263;1;0;1;1;1;1
wh4264;1;0;1;1;1;1
wh4265;1;0;1;1;1;1
wh4266;1;1;1;1;1;1
wh4267;1;1;1;1;1;1
wh4268;1;1;0;1;1;1
wh4269;0;0;0;1;0;1
wh4270;0;0;0;1;1;1
wh4271;0;0;0;1;1;1
wh4272;0;0;0;1;1;1
wh4273;0;0;0;1;1;1
wh4274;0;0;0;1;0;0
wh4275;1;1;1;1;1;1
wh4276;1;1;1;1;1;0
wh4277;1;1;1;1;0;0
wh4278;1;1;1;1;0;0
wh4279;1;1;1;1;1;0
wh4280;1;1;1;1;1;0
wh4281;1;1;1;1;1;1
wh4282;1;1;1;1;1;1
wh4283;1;1;1;1;1;1
wh4284;0;0;1;1;1;1
wh4285;0;0;1;1;1;1
wh4286;0;0;1;1;1;1
wh4287;1;1;1;1;1;1
wh4288;1;0;1;1;1;1
wh4289;1;0;1;1;1;1
wh4290;1;0;1;1;1;1
wh4291;0;0;1;1;1;1
wh4292;0;0;1;1;1;1
wh4293;0;0;1;1;0;1
wh4294;0;0;1;1;1;1
wh4295;0;0;1;1;1;1
wh4296;0;0;1;1;1;1
wh4297;0;0;1;1;1;1
wh4298;1;1;1;1;0;1
wh4299;1;1;1;1;1;1
wh4300;1;1;1;1;1;1
wh4301;1;1;1;1;1;1
wh4302;1;1;1;1;1;1
wh4303;1;0;1;1;0;1
wh4304;1;1;1;1;1;1
wh4305;1;0;1;1;1;1
wh4306;1;0;1;1;0;1
wh4307;0;0;0;0;0;1
wh4308;0;0;1;1;1;1
wh4309;1;1;1;1;1;1
wh4310;1;0;0;1;1;1
wh4311;0;1;0;1;1;1
wh4312;0;1;0;1;1;1
wh4313;1;1;0;1;0;1
wh4314;0;1;0;1;1;1
wh4315;0;1;0;1;1;1
wh4316;0;1;1;1;1;1
wh4317;1;0;1;1;0;1
wh4318;1;0;1;1;0;1
wh4319;0;0;1;1;0;1
wh4320;1;1;1;1;0;1
wh4321;1;0;1;1;1;1
wh4322;0;0;0;1;1;1
wh4323;1;0;1;1;1;1
wh4324;1;1;1;1;1;1
wh4325;1;0;1;1;1;1
wh4326;1;1;1;1;1;1
wh4327;1;0;1;1;1;1
wh4328;1;0;1;1;0;1
wh4329;0;0;0;1;1;1
wh4330;1;0;1;1;1;1
wh4331;1;1;1;1;1;1
wh4332;1;0;1;1;1;1
wh4333;1;0;1;1;1;1
wh4334;1;1;1;1;1;1
wh4335;1;0;0;1;1;1
wh4336;1;0;1;1;1;1
wh4337;0;0;1;1;1;0
wh4338;0;0;1;1;1;0
wh4339;1;0;1;1;0;0
wh4340;1;1;1;1;1;1
wh4341;1;1;1;1;1;0
wh4342;1;1;1;1;0;0
wh4343;1;1;1;1;1;0
wh4344;1;1;1;1;1;0
wh4345;1;1;1;1;1;0
wh4346;1;1;1;1;1;0
wh4347;1;1;1;1;1;1
wh4348;0;1;1;1;1;1
wh4349;0;1;1;1;1;1
wh4350;0;0;1;1;1;1
wh4351;0;0;0;1;1;1
wh4352;0;1;1;1;1;1
wh4353;1;0;1;1;1;1
wh4354;1;0;1;1;1;1
wh4355;1;0;1;1;1;1
wh4356;1;1;1;1;0;1
wh4357;1;0;1;1;0;1
wh4358;0;0;0;1;0;1
wh4359;0;0;0;1;0;1
wh4360;0;0;1;1;0;1
wh4361;0;1;1;1;0;1
wh4362;1;1;1;1;1;1
wh4363;1;1;1;1;1;1
wh4364;1;1;1;1;1;1
wh4365;1;1;1;1;1;1
wh4366;1;1;1;1;1;1
wh4367;0;0;0;1;0;0
wh4368;0;0;1;1;0;1
wh4369;1;1;1;1;1;1
wh4370;0;0;1;1;1;1
wh4371;0;0;0;0;0;1
wh4372;0;0;1;1;1;1
wh4373;0;0;1;1;1;1
wh4374;1;1;1;1;1;1
wh4375;1;0;1;1;1;1
wh4376;1;0;1;1;1;1
wh4377;1;1;1;1;1;1
wh4378;1;1;0;1;1;1
wh4379;0;1;1;1;1;1
wh4380;1;1;0;1;1;1
wh4381;1;1;1;1;1;1
wh4382;1;0;1;1;1;1
wh4383;0;0;1;1;1;1
wh4384;1;1;1;1;1;1
wh4385;0;1;1;1;1;1
wh4386;1;0;1;1;1;1
wh4387;0;0;1;1;1;1
wh4388;1;1;1;1;1;1
wh4389;1;0;1;1;1;1
wh4390;1;0;0;1;1;1
wh4391;1;1;1;1;0;1
wh4392;1;1;1;1;1;1
wh4393;1;1;1;1;1;1
wh4394;1;0;1;1;1;1
wh4395;1;0;1;1;1;1
wh4396;1;1;1;1;1;1
wh4397;1;0;1;1;1;1
wh4398;1;0;1;1;1;1
wh4399;1;1;1;1;1;1
wh4400;0;0;0;1;1;1
wh4401;0;0;0;1;0;1
wh4402;1;0;0;1;0;0
wh4403;1;0;1;1;1;1
wh4404;1;0;1;1;0;1
wh4405;1;1;1;1;1;0
wh4406;1;1;1;1;0;1
wh4407;1;1;1;1;1;1
wh4408;1;1;1;1;1;0
wh4409;1;1;1;1;1;0
wh4410;1;1;1;1;1;1
wh4411;1;1;1;1;1;1
wh4412;1;1;1;1;1;1
wh4413;1;1;1;1;1;1
wh4414;0;0;1;1;1;0
wh4415;0;0;1;1;1;0
wh4416;0;0;1;1;1;1
wh4417;1;1;1;1;1;1
wh4418;1;0;1;1;1;1
wh4419;1;0;1;1;1;1
wh4420;1;0;1;1;1;1
wh4421;1;1;1;1;1;1
wh4422;1;0;1;1;1;1
wh4423;1;0;1;1;1;1
wh4424;0;1;1;1;0;1
wh4425;0;1;1;1;0;1
wh4426;0;1;0;1;0;1
wh4427;1;1;1;1;1;1
wh4428;1;1;1;1;1;1
wh4429;1;1;1;1;1;1
wh4430;1;1;1;1;1;0
wh4431;1;1;1;1;0;0
wh4432;0;0;1;1;0;1
wh4433;0;0;1;1;0;1
wh4434;0;0;0;0;0;1
wh4435;0;0;0;0;0;1
wh4436;0;0;0;1;0;1
wh4437;0;0;1;1;1;1
wh4438;1;0;1;1;1;1
wh4439;1;0;1;1;1;1
wh4440;1;0;0;1;1;1
wh4441;1;0;0;1;1;1
wh4442;1;1;1;1;1;1
wh4443;1;1;0;1;1;1
wh4444;1;1;1;1;1;1
wh4445;1;1;1;1;1;0
wh4446;1;1;1;1;1;1
wh4447;1;1;1;1;1;1
wh4448;1;0;1;1;1;1
wh4449;0;1;1;1;1;1
wh4450;1;0;1;1;1;1
wh4451;1;0;1;1;0;1
wh4452;1;0;1;1;1;1
wh4453;1;0;1;1;1;1
wh4454;1;0;1;1;1;1
wh4455;1;0;1;1;1;1
wh4456;1;1;0;1;1;1
wh4457;1;0;1;1;1;1
wh4458;1;0;1;1;1;1
wh4459;1;0;1;1;1;1
wh4460;1;1;1;1;1;1
wh4461;1;1;1;1;1;1
wh4462;1;0;0;1;1;1
wh4463;0;0;1;1;0;1
wh4464;0;0;0;1;0;0
wh4465;0;0;0;1;0;0
wh4466;1;0;1;1;0;1
wh4467;1;1;1;1;0;1
wh4468;1;0;0;1;0;1
wh4469;1;1;1;1;1;1
wh4470;1;1;1;1;1;0
wh4471;1;0;1;1;1;0
wh4472;1;0;1;1;1;0
wh4473;1;1;1;1;1;0
wh4474;1;1;1;1;1;1
wh4475;1;0;1;1;1;1
wh4476;1;0;1;1;1;0
wh4477;1;1;1;1;1;0
wh4478;1;0;1;1;0;0
wh4479;1;0;1;1;1;1
wh4480;1;0;1;1;1;1
wh4481;1;1;1;1;0;1
wh4482;1;1;1;1;1;1
wh4483;1;0;1;1;1;1
wh4484;1;0;1;1;1;1
wh4485;0;1;1;1;1;1
wh4486;1;0;1;1;1;1
wh4487;1;0;1;1;1;1
wh4488;1;1;1;1;0;1
wh4489;0;1;0;1;0;1
wh4490;0;1;1;1;0;1
wh4491;0;1;1;1;0;1
wh4492;1;1;1;1;1;1
wh4493;1;1;1;1;1;1
wh4494;1;1;1;1;1;1
wh4495;1;1;1;1;1;1
wh4496;1;1;1;1;1;0
wh4497;1;0;1;1;1;1
wh4498;0;0;0;0;0;1
wh4499;0;0;0;0;0;1
wh4500;0;0;0;1;0;1
wh4501;1;0;0;1;0;1
wh4502;1;0;1;1;1;1
wh4503;0;0;1;1;0;1
wh4504;1;1;1;1;1;1
wh4505;1;1;1;1;1;1
wh4506;1;1;1;1;1;1
wh4507;1;1;0;1;1;1
wh4508;1;1;1;1;1;1
wh4509;1;1;1;1;1;1
wh4510;0;1;1;1;1;0
wh4511;1;1;1;1;1;0
wh4512;1;1;1;1;1;1
wh4513;1;1;1;1;1;1
wh4514;1;1;1;1;1;1
wh4515;1;1;1;1;1;1
wh4516;1;1;1;1;0;1
wh4517;1;1;1;1;0;1
wh4518;1;1;1;1;0;1
wh4519;1;1;1;1;0;1
wh4520;1;1;1;1;1;1
wh4521;1;1;1;1;1;1
wh4522;1;1;1;1;1;0
wh4523;1;0;1;1;1;0
wh4524;1;0;1;1;1;1
wh4525;1;1;1;1;1;1
wh4526;1;1;1;1;1;1
wh4527;1;0;0;1;0;1
wh4528;1;0;1;1;1;1
wh4529;1;1;1;1;1;1
wh4530;1;0;0;1;1;1
wh4531;1;0;1;1;0;1
wh4532;1;0;1;1;1;1
wh4533;1;0;1;1;1;1
wh4534;1;1;1;1;1;1
wh4535;1;1;1;1;1;0
wh4536;1;1;0;1;1;0
wh4537;1;1;1;1;0;0
wh4538;1;1;1;1;1;0
wh4539;1;1;1;1;1;1
wh4540;1;1;1;1;1;1
wh4541;1;1;1;1;1;1
wh4542;1;1;0;1;1;1
wh4543;1;0;1;1;1;1
wh4544;1;0;1;1;1;1
wh4545;1;1;1;1;0;1
wh4546;1;1;1;1;0;1
wh4547;1;1;1;1;1;1
wh4548;1;0;1;1;1;1
wh4549;1;1;0;1;0;1
wh4550;1;1;1;1;1;1
wh4551;1;1;1;1;1;1
wh4552;0;1;1;1;0;1
wh4553;0;1;1;1;0;1
wh4554;1;1;1;1;0;1
wh4555;0;1;0;1;0;1
wh4556;1;1;1;1;0;1
wh4557;1;1;1;1;1;1
wh4558;1;1;1;1;1;1
wh4559;1;1;1;1;1;0
wh4560;1;1;1;1;1;0
wh4561;1;1;1;1;1;1
wh4562;0;0;1;1;1;1
wh4563;0;0;0;0;0;1
wh4564;0;0;0;0;0;1
wh4565;0;0;0;0;0;1
wh4566;0;0;0;1;0;1
wh4567;1;0;1;1;1;1
wh4568;1;0;1;1;1;1
wh4569;1;1;1;1;1;1
wh4570;1;1;1;1;1;1
wh4571;1;1;1;1;1;0
wh4572;1;1;0;1;1;1
wh4573;0;1;0;1;1;1
wh4574;1;1;1;1;1;1
wh4575;1;1;1;1;1;1
wh4576;1;0;1;1;1;1
wh4577;1;0;1;1;1;1
wh4578;1;1;1;1;1;1
wh4579;0;1;1;1;1;1
wh4580;1;1;1;1;1;1
wh4581;1;1;1;1;1;1
wh4582;1;1;0;1;0;1
wh4583;1;1;0;1;0;1
wh4584;1;1;0;1;1;1
wh4585;1;0;0;1;1;1
wh4586;1;1;1;1;1;1
wh4587;1;1;1;1;1;1
wh4588;1;1;1;1;1;1
wh4589;1;0;1;1;0;1
wh4590;1;1;1;1;1;1
wh4591;1;1;1;1;1;1
wh4592;1;0;1;1;0;1
wh4593;1;0;1;1;1;1
wh4594;1;0;1;1;1;1
wh4595;1;0;1;1;1;1
wh4596;1;0;1;1;1;1
wh4597;1;0;1;1;1;1
wh4598;1;0;1;1;1;1
wh4599;1;1;1;1;1;1
wh4600;1;0;1;1;1;1
wh4601;1;0;1;1;1;1
wh4602;1;1;1;1;1;1
wh4603;1;1;1;1;0;1
wh4604;1;0;1;1;1;1
wh4605;1;0;1;1;0;1
wh4606;1;0;1;1;1;1
wh4607;1;1;1;1;1;1
wh4608;1;1;1;1;1;1
wh4609;1;1;1;1;1;1
wh4610;1;1;1;1;1;1
wh4611;1;1;0;1;0;1
wh4612;1;1;0;1;1;1
wh4613;1;1;1;1;1;1
wh4614;1;1;1;1;1;1
wh4615;1;1;1;1;1;1
wh4616;0;1;1;1;0;1
wh4617;0;0;1;1;0;1
wh4618;1;1;1;1;0;1
wh4619;1;1;1;1;0;1
wh4620;1;1;0;1;0;1
wh4621;1;1;1;1;0;1
wh4622;1;1;1;1;0;1
wh4623;1;1;1;1;1;1
wh4624;1;1;1;1;1;0
wh4625;1;1;1;1;1;0
wh4626;1;0;1;1;1;1
wh4627;0;0;0;0;0;1
wh4628;0;0;0;0;0;1
wh4629;0;0;0;0;0;1
wh4630;0;0;0;0;0;1
wh4631;0;0;0;1;1;1
wh4632;1;0;1;1;1;1
wh4633;1;0;1;1;1;1
wh4634;1;0;1;1;1;1
wh4635;1;1;1;1;0;1
wh4636;1;0;0;1;1;1
wh4637;1;0;1;1;1;1
wh4638;1;0;1;1;1;1
wh4639;0;0;1;1;0;1
wh4640;1;0;1;1;0;1
wh4641;1;0;1;1;0;1
wh4642;1;0;1;1;0;1
wh4643;1;0;0;1;1;1
wh4644;0;1;1;1;1;1
wh4645;0;0;1;1;0;1
wh4646;1;0;1;1;0;1
wh4647;1;0;1;1;1;1
wh4648;1;0;0;1;0;1
wh4649;1;1;1;1;1;1
wh4650;1;1;1;1;1;1
wh4651;1;1;1;1;0;0
wh4652;1;0;1;1;1;1
wh4653;1;1;1;1;1;1
wh4654;1;1;1;1;1;1
wh4655;1;1;1;1;1;1
wh4656;1;1;1;1;0;1
wh4657;1;0;1;1;1;1
wh4658;1;0;1;1;1;1
wh4659;1;1;0;1;1;1
wh4660;1;1;1;1;1;1
wh4661;1;1;1;1;1;1
wh4662;1;1;1;1;1;1
wh4663;1;1;1;1;1;1
wh4664;1;1;1;1;1;0
wh4665;1;0;1;1;1;1
wh4666;1;0;1;1;1;1
wh4667;1;1;1;1;1;1
wh4668;1;1;1;1;1;1
wh4669;1;0;1;1;0;1
wh4670;1;0;1;1;1;1
wh4671;1;0;1;1;1;1
wh4672;1;1;1;1;1;1
wh4673;1;1;1;1;1;1
wh4674;1;0;1;1;0;1
wh4675;1;1;1;1;1;1
wh4676;1;1;1;1;1;1
wh4677;1;1;1;1;1;1
wh4678;1;1;1;1;1;1
wh4679;1;1;1;1;1;1
wh4680;1;1;1;1;1;1
wh4681;0;1;0;1;1;1
wh4682;0;0;0;1;0;1
wh4683;1;1;1;1;0;1
wh4684;1;1;1;1;0;1
wh4685;1;1;1;1;0;1
wh4686;1;1;1;1;0;1
wh4687;1;1;1;1;1;1
wh4688;1;1;1;1;1;1
wh4689;1;1;1;1;1;0
wh4690;1;1;1;1;1;1
wh4691;1;0;1;1;1;1
wh4692;0;0;0;0;0;1
wh4693;0;0;0;0;0;1
wh4694;0;0;0;0;0;1
wh4695;0;0;0;0;0;1
wh4696;1;1;0;1;1;1
wh4697;1;0;1;1;1;1
wh4698;1;1;1;1;1;1
wh4699;1;1;1;1;1;1
wh4700;1;1;1;1;1;1
wh4701;1;0;1;1;1;1
wh4702;1;0;1;1;0;1
wh4703;1;0;0;1;0;1
wh4704;1;0;1;1;0;1
wh4705;1;0;1;1;1;1
wh4706;1;0;0;1;1;1
wh4707;0;0;0;1;1;1
wh4708;1;0;0;1;1;0
wh4709;1;0;1;1;1;1
wh4710;0;0;1;1;0;1
wh4711;1;0;1;1;0;1
wh4712;1;0;1;1;0;1
wh4713;0;0;0;1;0;1
wh4714;1;0;0;1;0;1
wh4715;1;0;0;1;0;1
wh4716;0;1;0;1;0;1
wh4717;1;1;1;1;0;1
wh4718;1;0;1;1;1;1
wh4719;1;1;1;1;1;1
wh4720;1;1;1;1;0;1
wh4721;1;1;1;1;1;1
wh4722;1;1;1;1;1;1
wh4723;1;1;0;1;1;1
wh4724;1;1;1;1;1;1
wh4725;1;0;1;1;0;1
wh4726;1;0;1;1;0;1
wh4727;1;0;1;1;0;1
wh4728;1;0;0;1;1;1
wh4729;1;1;0;1;1;1
wh4730;1;0;0;1;1;1
wh4731;1;0;1;1;1;1
wh4732;0;0;1;1;0;1
wh4733;1;1;1;1;1;1
wh4734;1;0;0;1;0;1
wh4735;1;0;1;1;0;1
wh4736;1;1;0;1;0;1
wh4737;1;1;1;1;1;1
wh4738;1;0;0;1;1;1
wh4739;1;1;0;1;1;1
wh4740;1;1;1;1;1;1
wh4741;1;1;1;1;1;1
wh4742;1;1;1;1;1;1
wh4743;1;0;1;1;1;1
wh4744;1;1;1;1;1;1
wh4745;1;1;1;1;1;1
wh4746;1;1;1;1;0;1
wh4747;1;1;0;1;0;1
wh4748;1;1;1;1;0;1
wh4749;1;1;1;1;0;1
wh4750;1;1;1;1;0;1
wh4751;1;1;1;1;0;1
wh4752;1;1;1;1;1;1
wh4753;1;1;1;1;1;1
wh4754;1;1;1;1;0;1
wh4755;1;1;1;1;1;1
wh4756;0;0;0;1;1;1
wh4757;0;0;0;0;0;1
wh4758;1;0;0;0;0;1
wh4759;0;0;0;0;0;1
wh4760;0;1;0;1;1;1
wh4761;0;1;0;1;1;1
wh4762;1;0;1;1;1;1
wh4763;1;0;1;1;1;1
wh4764;1;1;1;1;1;1
wh4765;1;0;0;1;1;1
wh4766;1;0;0;1;1;1
wh4767;1;0;1;1;1;1
wh4768;1;0;0;1;0;1
wh4769;1;0;1;1;0;1
wh4770;1;0;1;1;1;1
wh4771;1;0;0;1;1;1
wh4772;1;1;0;1;1;1
wh4773;1;1;1;1;1;1
wh4774;1;0;1;1;0;1
wh4775;1;0;1;1;0;1
wh4776;0;0;0;1;0;1
wh4777;1;0;1;1;1;1
wh4778;1;0;1;1;0;1
wh4779;1;1;1;1;1;1
wh4780;0;0;0;1;0;1
wh4781;1;1;0;1;0;1
wh4782;1;1;1;1;0;1
wh4783;1;1;1;1;0;1
wh4784;1;1;1;1;1;1
wh4785;1;1;1;1;1;1
wh4786;1;1;1;1;1;1
wh4787;1;0;1;1;1;1
wh4788;1;0;1;1;0;1
wh4789;1;0;0;1;1;1
wh4790;1;0;1;1;0;1
wh4791;1;0;0;1;0;1
wh4792;1;0;1;1;1;1
wh4793;1;1;1;1;1;1
wh4794;1;1;1;1;1;1
wh4795;1;0;1;1;1;0
wh4796;1;0;1;1;0;1
wh4797;1;0;1;1;0;1
wh4798;1;1;1;1;1;1
wh4799;1;0;1;1;1;1
wh4800;1;0;1;1;0;1
wh4801;1;1;1;1;1;1
wh4802;1;0;1;1;1;1
wh4803;1;0;1;1;1;1
wh4804;0;1;0;1;1;1
wh4805;0;1;0;1;1;1
wh4806;1;1;0;1;0;1
wh4807;0;0;1;1;1;1
wh4808;1;0;1;1;1;1
wh4809;1;1;1;1;0;1
wh4810;1;1;1;1;0;1
wh4811;1;1;1;1;1;1
wh4812;1;1;1;1;0;1
wh4813;0;1;1;1;0;1
wh4814;1;1;0;1;0;1
wh4815;1;1;1;1;0;1
wh4816;1;1;1;1;1;1
wh4817;1;1;1;1;1;1
wh4818;1;1;1;1;1;1
wh4819;1;1;1;1;1;1
wh4820;0;1;0;1;1;1
wh4821;0;0;0;0;0;1
wh4822;0;0;0;0;0;1
wh4823;0;0;0;0;0;1
wh4824;1;0;0;1;1;1
wh4825;0;0;0;1;0;1
wh4826;1;0;0;1;1;1
wh4827;0;0;1;1;1;1
wh4828;1;1;1;1;1;1
wh4829;1;1;1;1;1;1
wh4830;1;0;1;1;1;1
wh4831;0;0;0;1;1;1
wh4832;1;0;1;1;1;1
wh4833;1;0;1;1;0;1
wh4834;1;0;1;1;0;1
wh4835;1;0;1;1;1;1
wh4836;0;0;1;1;1;1
wh4837;1;0;0;1;1;1
wh4838;1;1;1;1;1;1
wh4839;1;0;1;1;1;1
wh4840;1;0;1;1;1;1
wh4841;1;0;1;1;1;1
wh4842;1;0;1;1;0;1
wh4843;1;0;1;1;0;1
wh4844;1;0;1;1;1;1
wh4845;1;0;1;1;1;1
wh4846;1;0;1;1;1;1
wh4847;1;0;1;1;1;1
wh4848;1;1;1;1;1;1
wh4849;1;1;0;1;1;1
wh4850;1;1;1;1;0;1
wh4851;1;1;0;1;1;1
wh4852;1;1;1;1;1;1
wh4853;1;1;1;1;0;1
wh4854;1;1;1;1;1;1
wh4855;1;1;1;1;0;1
wh4856;1;1;1;1;0;1
wh4857;1;0;1;1;0;1
wh4858;1;0;1;1;1;1
wh4859;1;1;1;1;0;1
wh4860;1;1;1;1;1;1
wh4861;1;1;1;1;1;1
wh4862;1;1;1;1;0;1
wh4863;1;1;1;1;1;1
wh4864;1;1;1;1;0;1
wh4865;1;1;1;1;1;1
wh4866;1;1;1;1;1;1
wh4867;1;1;1;1;1;1
wh4868;1;1;1;1;1;1
wh4869;1;1;1;1;0;1
wh4870;0;1;1;1;0;1
wh4871;0;0;0;1;1;1
wh4872;0;0;0;1;0;1
wh4873;1;0;1;1;0;1
wh4874;1;1;1;1;0;1
wh4875;1;1;0;1;1;1
wh4876;1;1;1;1;1;1
wh4877;1;1;1;1;0;1
wh4878;0;1;1;1;0;1
wh4879;1;1;0;1;1;1
wh4880;1;1;1;1;0;1
wh4881;1;1;1;1;1;1
wh4882;1;1;1;1;1;1
wh4883;1;1;1;1;1;1
wh4884;1;1;1;1;1;1
wh4885;0;1;0;1;1;1
wh4886;0;0;0;0;0;1
wh4887;0;0;0;0;0;1
wh4888;0;0;0;0;0;1
wh4889;1;0;0;1;1;1
wh4890;1;0;0;1;0;1
wh4891;1;0;0;1;1;1
wh4892;0;0;1;1;1;1
wh4893;1;1;1;1;1;1
wh4894;1;1;1;1;1;1
wh4895;1;0;1;1;1;1
wh4896;0;0;0;1;1;1
wh4897;1;0;1;1;1;1
wh4898;1;0;1;1;0;1
wh4899;1;0;1;1;0;1
wh4900;1;0;1;1;1;1
wh4901;1;0;1;1;1;1
wh4902;1;0;0;1;1;1
wh4903;1;1;1;1;1;1
wh4904;1;0;1;1;1;1
wh4905;1;0;1;1;1;1
wh4906;1;0;1;1;1;1
wh4907;1;0;1;1;0;1
wh4908;1;0;1;1;0;1
wh4909;1;0;1;1;1;1
wh4910;1;0;1;1;1;1
wh4911;1;0;1;1;1;1
wh4912;1;0;1;1;1;1
wh4913;1;1;1;1;1;1
wh4914;1;1;0;1;1;1
wh4915;1;0;1;1;0;1
wh4916;1;1;0;1;1;1
wh4917;1;1;1;1;1;1
wh4918;1;1;1;1;0;1
wh4919;1;1;1;1;1;1
wh4920;1;1;1;1;0;1
wh4921;1;1;1;1;0;1
wh4922;1;1;1;1;0;1
wh4923;1;0;1;1;1;1
wh4924;1;1;1;1;0;1
wh4925;1;1;1;1;1;1
wh4926;1;1;0;1;1;1
wh4927;1;1;0;1;0;1
wh4928;1;1;1;1;1;1
wh4929;1;1;1;1;0;1
wh4930;1;1;1;1;1;1
wh4931;1;1;1;1;1;1
wh4932;1;1;1;1;1;1
wh4933;1;1;1;1;1;1
wh4934;1;1;1;1;0;1
wh4935;0;1;1;1;0;1
wh4936;0;0;0;1;1;1
wh4937;0;0;0;1;0;1
wh4938;1;0;1;1;0;1
wh4939;1;1;1;1;0;1
wh4940;1;1;0;1;1;1
